Water Source Type,Contaminant Level (ppm),pH Level,Turbidity (NTU),Dissolved Oxygen (mg/L),Nitrate Level (mg/L),Lead Concentration (µg/L),Bacteria Count (CFU/mL),Water Treatment Method,Access to Clean Water (% of Population),"Diarrheal Cases per 100,000 people","Cholera Cases per 100,000 people","Typhoid Cases per 100,000 people"
Lake,6.06,7.12,3.93,4.28,8.28,7.89,3344,Filtration,33.6,472,33,44
Well,5.24,7.84,4.79,3.86,15.74,14.68,2122,Boiling,89.54,122,27,8
Pond,0.24,6.43,0.79,3.42,36.67,9.96,2330,None,35.29,274,39,50
Well,7.91,6.71,1.96,3.12,36.92,6.77,3779,Boiling,57.53,3,33,13
Well,0.12,8.16,4.22,9.15,49.35,12.51,4182,Filtration,36.6,466,31,68
Tap,2.93,8.21,4.03,8.66,31.35,16.74,880,None,69.48,258,22,55
River,0.06,6.11,3.12,6.97,44.98,1.23,2977,Boiling,55.43,208,23,90
Spring,3.76,6.42,1.35,9.99,2.73,19.44,1172,None,44.17,397,0,10
Well,0.63,6.29,1.42,9.67,28.31,1.93,159,None,71.66,265,23,29
Well,9.14,6.45,0.62,7.59,45.99,10.23,2493,Chlorination,55.44,261,2,38
Well,4.16,8.43,4.61,6.25,14.36,11.2,2129,Boiling,41.68,286,16,97
River,4.59,7.38,0.86,4.07,7.74,2.76,3078,Chlorination,79.01,30,6,23
Pond,3.5,7.17,2.86,6.61,17.53,18.31,2229,Chlorination,88.58,175,9,79
Lake,6.28,8.46,2.92,4.1,39.61,9.43,2917,Boiling,49.16,8,18,57
Tap,7.84,7.39,1.85,5.79,4.24,2.86,3013,Boiling,43.05,203,23,29
River,6.48,7.65,1.76,9.6,30.02,14.23,1549,Chlorination,35.27,107,8,23
Pond,7.48,6.83,3.34,5.39,6.78,13.27,4573,None,66.95,123,49,66
Well,9.06,6.96,1.94,4.07,21.78,19.26,3385,None,88.19,237,14,28
Pond,8.64,7.49,1.28,7.08,48.3,8.83,1579,Filtration,47.56,409,48,41
River,6.74,6.17,2,7.22,9.76,5.36,3371,None,62.24,129,21,75
River,2.15,6.64,4.04,4.36,1.7,1.2,1960,Boiling,41.26,233,16,61
River,6.38,6.49,4.83,4.38,21.36,14.66,3844,Boiling,58.29,3,18,26
Lake,5.06,6.04,3.18,9.93,28.88,12.35,4697,Filtration,31.08,479,8,28
Spring,7.17,7.34,3.91,4.7,14.88,19.45,2390,Boiling,93.75,219,37,65
Tap,8.33,7.4,2.66,8.87,27.09,14.24,1419,Chlorination,77.36,261,18,56
Lake,7.43,6.96,3.12,6.29,47.67,18.66,3917,Filtration,53.3,29,7,60
Lake,8.47,6.67,4.94,6.04,15.59,19.83,3835,Filtration,91.68,438,5,28
Spring,0.64,7.63,2.19,5.06,15.47,8.57,4428,None,42.81,411,48,56
Lake,0.32,6.34,0.33,8.42,24.14,3.01,4450,None,35.51,316,37,72
River,2.59,7.3,4.79,9.16,25.77,3.92,3630,Chlorination,95.98,76,44,54
River,9.01,7.92,3.97,4.83,0.07,6.37,4942,Chlorination,51.63,182,20,43
Pond,8.24,6.41,1.99,3.67,30.79,10.18,162,None,95.52,365,28,27
Well,6.83,7.88,4.91,3.96,49.87,2.45,115,None,74.63,291,33,36
Lake,7.01,7.9,1.73,8.55,14.6,6.03,1470,Chlorination,98.6,457,11,22
Well,7.27,6.15,1.86,6.05,31.54,6.16,3079,None,82.74,201,38,76
Tap,9.43,6.05,3.05,3.92,0.23,0.08,3852,Filtration,37.38,388,31,68
River,8.32,8.43,1.37,5.38,30.22,7.08,2838,Chlorination,89.66,156,5,95
Pond,6.23,6.48,3.49,6.6,22.35,2.32,542,None,40.35,99,16,91
Tap,6.66,8.06,0.76,8.96,26.51,8.59,413,Boiling,78.45,395,31,57
Pond,2.14,7.4,0.54,7.49,27.2,3.93,681,Boiling,65.03,121,7,78
Spring,6.57,6.66,2.67,4.23,8.85,16.44,641,Chlorination,79.54,405,37,87
River,4.25,6.32,2.78,4.11,38.5,1.61,3978,Boiling,83.55,314,28,31
Tap,1.53,7.24,0.53,5.89,27.77,17.31,1432,Boiling,86.26,109,30,84
Spring,8.06,7.02,4.82,3.53,13.51,11.61,668,Filtration,88.45,166,18,68
Tap,5.1,7.75,2.87,8.29,46.87,9.17,2069,Chlorination,89.31,129,8,35
Pond,9.77,8.26,0.76,5.81,0.64,10.99,968,Boiling,58.88,269,27,91
Spring,2.82,8.01,1.56,5.4,36.3,7.52,1180,None,92.25,137,47,31
Spring,4.81,6.69,4,6.56,19.06,2.55,4819,Chlorination,80.37,175,49,58
River,4.48,8.2,2.62,7.96,26.13,15.32,3235,Chlorination,88.73,63,38,59
Well,1.21,8.08,0.94,6.99,14.58,18.56,251,Boiling,99.24,130,39,86
Pond,4.26,8.32,0.51,8.62,16.06,19,4300,Boiling,38.15,327,30,79
Pond,2.88,7.15,2.15,7.41,0.76,13.41,2879,Filtration,55.94,187,18,73
Spring,1.6,7.92,1.69,8.52,36.49,8.21,3998,None,86.46,464,32,92
Spring,2.82,7.48,3.28,7.88,35.54,9.57,790,Filtration,36.04,451,25,26
River,2.33,6.78,4.63,4.35,32.72,13.14,4560,Filtration,67.85,276,44,98
Well,7.34,8.49,1.24,3.37,43.9,16.46,1495,None,90.09,349,0,23
Pond,0.31,6.1,4.28,9.32,45.06,7.49,4489,Boiling,31.33,146,10,86
Lake,6.17,6.41,4.6,9.62,27.82,18.34,3068,Filtration,95.77,334,1,66
Lake,7.61,8.23,4.51,8.09,34.24,6.49,2707,Chlorination,98.47,19,34,35
Well,4.81,6.15,4.76,8.07,0.55,10.62,2577,Filtration,52.56,313,12,13
Tap,9.32,8.22,4.21,4.89,42.32,19.23,1235,None,83.68,41,38,67
River,7.08,7.79,2.97,6.8,40.82,18.76,1058,Filtration,38.9,349,33,43
Well,7.48,6.09,2.05,9.95,1.01,13.91,1170,Filtration,84.1,393,33,47
Lake,1.97,7.07,2.46,8.99,27.14,6.49,3618,Chlorination,63.71,406,34,31
Spring,7.77,7.89,4.36,5.13,45.33,4.38,3659,None,90.22,343,31,83
Lake,8.32,7.46,1.51,5.11,9.07,1.6,3655,Chlorination,44.88,139,44,16
Spring,3.61,8.34,0.8,6.39,17.63,14.17,56,Boiling,77.09,8,11,92
River,2.13,8.17,0.7,5.83,16.55,10.07,1892,None,85.03,78,32,56
Spring,3.85,6.83,4.13,5.6,17.8,11.45,2569,Filtration,44.17,412,17,38
Well,7.4,6.21,3.81,7.39,2.09,9.45,4080,Chlorination,87.28,337,4,31
Spring,4.18,8.36,2.49,3.08,13.95,9.66,4456,Chlorination,97.06,147,18,67
Tap,7.37,7.29,1.37,8.34,14.74,11.43,1948,None,73.13,192,30,87
Well,1.14,6.19,3.39,8.18,43.29,18.29,222,Chlorination,84.94,258,26,1
River,8.06,8.04,0.19,8.81,17.61,0.59,1639,None,67.28,135,41,77
Well,2.53,8.17,2.84,8.89,22.36,16.03,4422,Boiling,71.87,38,37,41
Tap,2.49,7.6,1.99,6.96,19.04,7.81,1757,None,30.93,319,49,37
River,5.9,7.12,4.89,8.46,6.03,14.9,835,None,66.7,286,14,54
Lake,0.7,7.66,2.54,6.45,49.52,18.97,2536,Boiling,70.29,366,45,54
Tap,0.26,7.77,2.76,9.66,41.29,6.13,2525,Boiling,76.9,455,47,33
River,2.61,8.23,3.56,4.33,27.05,1.79,984,Filtration,41.86,462,3,45
Spring,5.38,8.39,2.42,9.41,23.82,4.65,1357,Chlorination,46.9,378,18,42
Well,9.08,7.29,1.12,4.81,32.46,4.44,4887,Boiling,82.92,149,20,1
River,8.46,8,2.69,3.72,16.32,14.84,3060,Boiling,41.73,351,39,35
Well,4.9,8.41,4.72,6.07,2.51,1.24,4477,Chlorination,59.12,4,0,69
Spring,0.37,6.38,2.05,7.3,20.22,1.02,1446,Chlorination,47.53,235,19,35
River,5.35,6.05,3.4,4.62,49.2,13.87,1371,Filtration,68.16,235,21,21
Lake,7.05,8.17,4.89,6.89,9.12,11.13,3224,Filtration,99.08,313,12,68
Tap,3.39,6.49,4.15,8.66,26.39,8.36,1874,None,89.64,456,40,37
River,1.11,6.11,3.3,4.8,0.43,11.51,2499,Filtration,48.86,104,0,53
Spring,2.79,6.4,3.68,7.06,6.1,14.7,3361,Boiling,55.8,206,14,21
River,7.72,6.96,4.68,5.38,29.36,2.07,1142,Boiling,94.3,238,14,74
Well,3.51,6.55,4.8,6.71,14.87,11.07,4309,Chlorination,92.88,318,13,30
Pond,8.12,6.76,4.84,7.67,45.28,16.49,564,Filtration,41.24,316,4,52
River,3.2,8.44,3.13,5.45,20.31,7.25,4827,None,88.05,51,48,92
Lake,1.64,7.76,1.92,9.96,10.4,15.26,4534,None,50.83,107,5,58
River,4.36,7.78,0.67,6.95,27.28,16.91,1588,None,68.07,356,40,96
Tap,4.52,6.24,1.93,8.77,39.75,16.42,3985,None,30.36,32,30,85
River,0.16,7.83,4.71,8.08,0.97,13.01,4724,Chlorination,99.9,21,25,48
Pond,1.17,7.85,4.45,8.97,25.28,14.35,4998,Filtration,83.28,306,24,26
Well,1.85,7.65,2.62,4.22,38.67,15.75,1470,Filtration,46.92,10,48,71
River,1.14,6.57,2.69,4.56,5.18,14.67,3914,Filtration,77.87,126,38,56
Lake,3.42,7.06,1.54,6.41,45.14,9.03,3113,Filtration,50.53,441,39,5
Spring,9.65,8.12,2.27,8.97,13.23,3.18,4490,None,36.26,49,14,45
River,5.09,7.68,3.57,4.38,8.53,6.19,4342,None,59.77,197,5,24
River,6.28,7.83,2.01,9.8,29.46,4.14,3362,Chlorination,72.96,16,0,97
Tap,3.56,7.47,0.94,3.89,8.75,7.23,1636,Chlorination,36.28,429,40,8
Lake,3.23,7.12,2.7,4.23,33.99,9.79,2912,None,66.29,43,6,63
Pond,0.23,7.9,1.13,4.17,24.51,19.18,1472,Boiling,66.04,184,3,99
Spring,5,6.17,4.87,7.1,5.5,19.19,1244,Filtration,74.01,388,0,30
Well,4.84,7.68,1.95,9.42,45.62,15.39,3737,Chlorination,47.13,38,40,18
River,1.58,8.49,4.55,4.79,33.66,19.6,2098,None,31.44,441,1,64
Pond,7.64,7.95,1.13,6.87,27.3,19.96,2597,Filtration,52.74,495,47,87
Spring,4.93,6.73,0.95,4.23,18.72,17.71,2512,Filtration,57.9,136,33,97
Well,3.39,6.69,3.08,7.42,6.74,1.59,4514,None,74.5,476,34,16
Pond,1.47,7.67,3.9,3.86,35.38,8.52,258,Boiling,95.11,278,45,33
Lake,5.52,8.24,2.83,6.44,40.68,10.68,2358,Boiling,44.24,430,12,98
Lake,7.53,7.44,1.15,7.59,6.29,2.48,3393,Chlorination,78.11,163,16,35
Spring,2.82,7.32,0.19,7.05,24.73,16.17,3778,None,36.82,30,9,12
Well,2.19,6.4,3.09,3.98,24.24,2.97,3411,Chlorination,43.34,339,2,58
Lake,5.22,7.79,0.66,4.13,17.5,7.67,1268,Boiling,65.64,22,3,88
Spring,1.55,7.76,1.72,7.7,39.47,1.38,939,Chlorination,79.59,439,24,75
Lake,6.67,8.42,3.38,8.66,4.98,10.49,2376,Chlorination,90.1,198,36,20
Lake,6.05,6.75,0.49,9.36,10.25,11.94,3951,Boiling,82.07,173,42,64
Pond,0.87,7.89,0.64,8.7,0.08,14.7,195,Filtration,31.07,57,37,5
Pond,0.37,7.09,0.31,9.82,18.65,6.79,4157,Filtration,77.88,419,28,10
Lake,6.2,7.4,4.98,5.86,14.56,11.81,3096,Boiling,87.73,195,0,79
Tap,2.94,8.04,1.94,5.32,43.35,14.68,3635,Filtration,66.79,87,29,21
Pond,0.86,6.55,4.53,3.2,37.29,15.24,561,None,97.59,443,38,10
Well,7.59,6.86,1.47,6.15,4.22,6.03,3449,Filtration,30.3,141,9,36
Spring,3.14,7.93,3.77,7.56,37.05,1.35,3366,Boiling,87.31,280,28,25
Spring,4.6,7.43,1.1,8.71,33.77,0.75,3123,None,53.44,454,43,56
Well,2.37,6.23,2.49,4.87,14.09,15.36,2891,Chlorination,75.53,206,31,25
Well,6.27,7.08,4.12,6.6,0.77,7.71,39,Boiling,78.54,171,43,20
Well,3.01,7.47,4.08,7.63,5.76,2.68,1767,Boiling,51.44,301,0,56
Well,9.68,8.27,3.97,6.86,12.5,3.69,2504,Filtration,99.68,396,40,25
River,7.03,6.47,4.12,4.92,40.83,15.32,787,None,37.23,317,16,14
Spring,1.37,8.01,1.06,8.57,23.27,11.98,1876,Boiling,40.99,274,11,62
River,4.17,6.33,2.41,4.21,45.92,10.03,4097,None,92.45,395,1,34
Lake,3.85,6.61,2.42,9.33,39.46,12.46,1492,None,38.34,367,8,10
Lake,5.34,6.61,4.45,9.67,14.36,2.75,1129,Filtration,56.69,345,11,72
Spring,8.42,8.19,1.48,5.56,42.27,6.38,2263,Boiling,81.32,47,24,86
Lake,5.83,6.5,4.66,5.63,5.84,7.48,4872,None,85.4,160,35,67
Well,0.62,7.97,2.25,8.2,1.81,6.29,4509,None,96.83,462,43,93
River,6.55,7.15,3.35,6.19,30.43,17.29,4021,Chlorination,85.27,164,49,91
Well,0.08,8.5,1.34,3.2,17.09,11.63,4305,Filtration,89.12,389,34,88
Lake,7.8,8.1,2.05,9.44,16.47,14.59,2185,Boiling,96.46,378,21,85
Pond,6.67,7.85,3.55,6.02,34.36,4.73,1644,None,68.76,216,32,88
River,3.09,8.18,2.56,4.42,42.51,5.28,3560,Filtration,54.04,116,49,89
Well,2.92,7.59,4.65,6.89,16.11,4.51,2685,Boiling,83.31,336,20,49
Spring,7.98,8.11,3.69,4.53,16.25,13.76,4821,None,41.45,426,39,28
Well,7.83,6.65,2.82,4.44,26.69,6.98,1412,Boiling,34.78,250,21,63
Pond,3.52,6.24,4.43,6.82,32.66,8.1,1221,Boiling,84.97,355,27,40
Lake,2.99,7.54,3.33,5.74,10.15,14.18,2249,Filtration,96.55,433,3,95
River,5.6,7.09,3.24,7.01,45.63,19.44,2239,Filtration,60.97,243,25,25
Spring,0.08,7.07,1.23,9.98,32.72,3.24,4202,Chlorination,41.28,429,22,27
River,0.83,7.32,1.97,9.01,31.26,1.25,4422,Chlorination,64.79,246,47,83
Spring,1.26,6.9,3.42,3.05,45.21,3.9,643,Chlorination,57.53,72,48,47
River,1.85,7.57,4.46,3.35,45.36,14.7,4452,None,56.07,283,22,65
Lake,5.12,6.08,1.58,7.27,6.78,3.89,2548,Chlorination,73.97,482,40,22
Spring,9.92,8.42,1.08,7.38,7.25,11.69,4603,Boiling,42.23,194,7,38
Tap,6.53,8.31,2.97,9.15,38.1,11.81,3805,Filtration,56.63,266,31,68
River,0.61,8.34,0.34,7.4,47.84,5.89,4290,Boiling,90.81,403,38,20
River,5.26,6.91,3.57,4.59,33.33,1.37,4142,Filtration,81.08,86,43,85
Well,4.97,7.33,3.52,6.28,20.57,7.98,1385,Filtration,33.89,245,0,48
Spring,1.44,8.39,1.77,8.66,34.17,3.74,2584,Boiling,65.97,157,29,74
Pond,9.2,8.26,4.46,9.46,11.44,3.69,1601,Boiling,36.39,356,27,93
Tap,4.41,7.98,2.51,4.66,49.9,10.45,4942,None,97.02,35,16,91
Lake,9.95,7.02,3.23,6.78,21.55,13.46,4804,Filtration,47.12,235,22,35
Well,4.2,7.41,1.05,4.11,46.58,1.51,3317,Chlorination,95.28,247,37,80
Tap,6.08,7.98,2.09,6.48,21.54,11.57,807,None,88.38,459,23,84
Spring,1.05,6.68,4.31,3.63,46.41,4.92,2659,Chlorination,68.6,99,21,36
Tap,4.54,7.57,1.06,9.59,16.78,13.47,114,None,53.54,226,4,99
River,2.39,8.07,1.95,7.47,38.03,16.2,2727,Filtration,90.06,118,24,88
River,8.36,7.77,1.59,8.98,47.55,16.14,4726,Boiling,40.69,353,6,87
Well,7.84,7.2,0.76,9.99,32.3,7.4,2266,Boiling,42.6,195,21,93
Spring,8.24,7.46,1.45,4.28,33.88,11.35,4292,Filtration,45.73,87,43,41
Spring,7.24,8.47,1.16,7.86,5.14,15.87,4496,Boiling,71.84,35,36,61
Tap,8.33,7.5,4.62,9.21,23.71,1.22,3901,Filtration,52,313,33,98
Well,2.01,7.96,3.71,7.03,44.34,12.11,2728,Filtration,99.24,27,35,84
Spring,4.52,7.82,1.58,7.48,12.05,16.73,4171,Filtration,43.66,38,48,5
Pond,6.92,7.75,3.82,5.85,39.42,7.45,1449,None,86.39,321,39,84
Pond,6.37,7.79,0.11,7.72,33.79,9.11,4382,Boiling,36.71,426,19,7
River,7.16,7.14,2.63,5.77,11.15,13.97,1568,None,54.74,4,36,68
Tap,2.24,7.19,1.25,6.34,14.14,1.36,1322,Chlorination,47.06,475,16,39
Lake,0.98,7.17,0.57,3.72,21.38,7.71,860,Filtration,98.38,140,3,9
River,9.17,6.08,4.42,3.05,6.26,5.91,741,Boiling,31.8,227,49,30
Well,5.6,6.6,1,3.39,45.67,0.34,1730,Chlorination,80.52,8,17,29
Spring,1.54,6.39,4.11,4.35,36.97,3.92,4904,Filtration,47.34,358,27,50
River,7.93,8.22,2.07,6.2,18.25,7.92,2933,Chlorination,86.79,477,49,84
Lake,9.15,6.69,0.07,3.15,14.98,3.95,3518,None,51.79,56,15,35
Lake,1.7,6.35,3.66,4.09,34.48,12.05,4509,None,43.11,282,42,60
Pond,8.17,6.3,2.98,8.47,21.21,8.97,4526,Boiling,78.51,444,7,26
Well,9.33,7.75,1.72,8.34,11.47,0.79,3167,Chlorination,48.03,460,43,34
River,9.38,6.02,1.41,8.53,21.51,5.5,1918,Chlorination,63.99,489,17,59
Tap,9.14,7.18,0.37,9.45,43.56,0.39,2218,None,39.21,358,49,31
River,5.46,6.3,4.71,3.83,3.43,7.16,1340,None,80.72,177,28,89
Pond,3.56,8.12,2.47,4.14,18.42,5.18,4639,Boiling,58.48,475,39,3
Lake,0.07,8.4,0.43,5.33,48.12,13.76,1514,Filtration,39.84,81,15,90
Well,0.61,8.4,4.34,9.41,0.74,6.15,1411,Boiling,81.91,417,29,99
Well,4.29,7.1,1.39,8.43,44.53,7.5,3036,None,37.24,84,48,26
Tap,3.99,7.61,1.02,5.27,18.74,14.51,4167,Boiling,70.24,64,33,46
Well,1.85,7.5,1.4,3.61,9.48,9.62,1022,Filtration,72.52,428,29,5
Pond,3.95,6.88,2.82,7.31,0.75,11.13,4627,None,95.12,342,20,81
Pond,1.75,7.11,0.37,4.8,3.53,16.83,2286,Filtration,40.57,289,21,25
Pond,8.49,6.16,2.41,6.72,8.59,4.14,2758,Boiling,75.73,355,46,23
Well,2.98,7.99,4.48,9.59,1.27,19.78,4672,Filtration,56.65,456,24,70
Well,5.99,6.6,0.94,7.01,16.79,18,3771,None,58.06,135,21,43
Pond,5.03,7.15,1.66,9.47,2.24,5.73,1112,None,65.13,249,27,13
Well,0.52,7.2,1.98,5.75,34.61,17.86,1945,Filtration,46.36,497,38,12
Well,9.42,7.4,2.93,7.43,40.95,15.08,4808,Boiling,62.28,93,32,25
Lake,5.27,8.04,4.6,9.26,44.37,18.62,1558,Boiling,78.08,47,1,42
River,3.25,7.73,1.97,7.12,27.46,13.82,3879,Boiling,62,419,3,42
Spring,1.58,7.66,0.35,7.3,47.33,13.49,641,Boiling,32.98,99,15,65
Well,3.39,7.32,1.74,8.01,0.28,0.07,2237,Chlorination,48.05,337,11,86
Spring,0.21,6.24,0.95,9.17,6.7,9.49,4907,Chlorination,54.6,193,16,27
Spring,3.64,7.01,3.26,3.62,14.66,4.01,3486,Filtration,54.83,116,35,0
Lake,5.31,8.39,0.15,5.36,39.45,6.48,3225,Chlorination,35.67,266,15,95
Well,8.72,8.49,1.46,5.78,44.27,19.58,1014,Chlorination,61.47,307,38,11
Pond,6.87,7.83,2.73,9.37,30.91,1.71,2021,Chlorination,78.44,163,22,49
Spring,1.12,6.57,1.39,9.69,19.16,14.45,2676,Filtration,33.41,478,7,52
Well,1.48,6.25,2.75,3.84,33.29,3.46,1540,Chlorination,82.56,286,8,59
Tap,4.28,7.04,0.57,3.83,9.04,0.15,2936,Boiling,96.86,23,13,54
Pond,1.96,8.14,4.71,9.54,22.89,10.03,3106,Boiling,30.65,493,8,34
Tap,0.28,7.8,1.45,5.07,25.38,3.22,783,Filtration,43.56,404,46,60
Tap,8.05,8.21,4.62,4.69,5.24,19.31,670,Filtration,68.04,95,25,25
Spring,0.2,7.54,1.63,3.25,1.69,4.07,2769,Filtration,45.26,496,35,30
Tap,8.31,6.33,3.91,4.93,37.51,3.84,2573,None,83.52,253,2,56
Lake,1.44,6.29,1.23,7.85,26.74,0.64,2584,Chlorination,51.85,413,9,11
Lake,9.75,6.12,3.35,5.98,16.61,6.6,4942,Filtration,50.55,120,24,92
Spring,6.04,7.42,1.62,6.62,21.86,0.48,1277,Filtration,30.06,71,3,4
Well,7.35,6.61,2.55,9.42,47.89,9.98,3043,Filtration,48.91,352,29,98
River,1.1,7.84,3.37,3.8,19.25,10.11,3172,Boiling,45.24,370,49,6
Well,8.62,7.72,2.94,3.5,5.17,1.06,3782,Filtration,54.03,63,10,15
Well,8.39,6.8,2.88,8.96,23.18,4.8,177,Boiling,40.34,242,18,95
Well,6.53,6.44,0.33,8.42,32.4,16.64,275,Boiling,71.63,126,49,51
Well,5.02,6.26,1.25,4.85,0.61,9.25,2359,None,46.71,372,12,80
Pond,7.21,7.84,2.86,5.27,16.62,8.69,3481,Filtration,88.22,38,35,20
River,0.06,7.13,0.09,5.17,19.68,13.98,4886,None,49.92,384,2,26
Pond,5.92,6.81,1.25,7.53,23.19,14.3,3359,Filtration,44.76,352,47,78
Tap,8.47,8.14,1.15,3.43,15.08,15.24,1424,Chlorination,33.97,425,13,22
Well,3.57,7.48,1.25,6.43,33.35,16.61,4122,Filtration,81.79,76,9,71
Lake,1.08,7.3,2.68,3.94,47.24,4.65,2960,Filtration,65.57,469,37,24
Spring,4.21,7.86,2.91,8.74,45.7,1.33,2469,Filtration,37.96,4,39,10
Spring,7.27,8.04,4.54,5.66,33.22,7.61,3085,Filtration,45.49,139,26,62
Pond,1.07,7.72,1.93,6.69,25.34,17.1,2372,Filtration,99.91,251,23,56
Pond,2.06,7.1,4.63,3.21,41.29,1.56,4068,Filtration,86.42,156,15,84
Lake,1.48,6.95,3.26,3.41,41.8,11.52,1590,None,54.49,258,9,53
Well,7.97,7.93,4.56,7.73,41.48,14.02,4380,Chlorination,67.98,316,26,9
River,0.63,7.29,4.17,8.37,7.89,9.63,1112,None,59.12,434,6,49
Tap,6.87,7.76,3.44,7.97,1.27,5.1,1068,Chlorination,32.55,419,27,72
Spring,3.66,8.23,1.78,8.16,49.16,6.53,2545,None,84.51,366,25,0
Tap,7.56,8.29,1.21,3.73,47.98,1.43,3649,None,80.19,236,17,85
River,9.64,6.69,1.11,7.85,28.22,5.85,1814,Filtration,58.62,74,12,69
Pond,1.15,6.47,4.76,4.27,49.65,0.89,3907,None,89.21,473,7,29
Spring,3.14,6.65,4.79,3.69,38.53,14.53,3731,Chlorination,67.43,385,26,54
Tap,8.1,7.88,3.62,8.3,25.87,17.96,2192,Boiling,34.56,28,13,97
Pond,2.66,6.93,4.42,9.23,19.47,12.67,81,Chlorination,48.16,40,40,76
River,2.15,6.43,4.59,8.02,29.64,13.13,3706,None,62.32,28,43,85
Tap,8.25,6.25,2.56,8.64,25.79,9.44,3176,Boiling,37.24,491,5,5
Well,9.87,6.82,3.15,9.94,49.69,3.12,1825,Filtration,69.98,99,19,23
Pond,5.57,6.34,2.09,3.94,24.52,0.15,81,Boiling,38.44,319,27,84
River,2.78,6.39,2.09,9.76,41.8,6.88,93,Filtration,44.04,57,22,86
Tap,3.99,7.71,0.19,7.21,40.68,15.03,342,Chlorination,92.58,210,11,4
Well,1.7,6.05,2.17,8.69,3.57,19.21,2408,Boiling,99.99,137,23,6
Well,7.62,6.29,3.37,7.55,4.35,8.62,1854,Boiling,68.52,10,43,2
River,7.73,8.11,2.11,6.99,32.99,7.31,3999,Boiling,73.38,390,21,12
Lake,8.75,8.11,4.36,7.93,12.96,8.92,1089,Filtration,85.82,332,25,53
Spring,0.27,6.82,1.66,5.24,32.88,8.56,623,Filtration,78.73,488,21,62
River,5.62,6.22,0.66,9.47,7.23,12.52,867,Chlorination,42.77,363,6,75
Well,2.14,7.76,4.06,3.81,19.85,14.68,2476,Chlorination,58.82,188,14,5
Well,3.41,6.9,3.37,5.23,5.12,15.7,3472,None,67.46,449,47,97
River,7.85,6.11,1.21,3.22,14.1,12.99,170,Filtration,55.18,93,29,78
Lake,1.92,6.39,2.68,4.9,4.41,8.75,1782,Chlorination,42.33,341,3,46
Spring,6.38,6.34,2.01,4.53,48.53,19,577,Boiling,81.53,180,5,81
Tap,6.55,7.47,4.69,3.35,19.75,14.22,67,Boiling,43.92,320,47,54
River,9.54,8.25,3.04,6.44,45.06,8.53,1515,Boiling,48.23,282,46,48
Spring,7.75,7.98,0.79,6.28,48.56,8.93,0,Chlorination,50.06,390,1,56
Spring,8.04,7.37,2.51,3.54,45.48,16.36,2198,Boiling,41.32,320,30,2
Pond,5.32,7.06,4.31,4.83,22.75,8.81,901,Boiling,89.47,57,23,21
Well,1.87,7.55,3.36,9.67,38.94,10.33,4845,Filtration,72.74,24,34,34
Tap,4.26,7.11,4.21,3.78,7.68,5.83,794,Filtration,88.43,303,46,27
River,5.49,6.62,1.25,5.14,4.74,16.78,2066,Chlorination,64.56,259,30,41
Well,6.78,7.7,4.44,3.25,43.85,10.45,1819,Filtration,66.37,477,24,11
Pond,6.08,8.18,3.78,4.04,1.56,11.05,370,None,73.13,391,7,0
Pond,3.94,6.93,3.64,7.9,48.62,17.61,2538,Chlorination,55.96,496,11,99
Well,2.65,8.1,1.73,5.57,33.61,18.41,3907,None,64.76,212,1,93
Lake,1.68,7.08,4.44,6.16,20.98,16.48,2054,None,68.28,114,14,22
Spring,6.94,7,3.19,4.1,7.07,1.31,2596,Chlorination,96.75,451,39,27
River,6.45,6.07,4.26,7.77,36.16,8.87,4466,Filtration,91.8,187,31,68
River,6.87,7.74,1.8,8.26,28.16,6.87,1688,Filtration,39.05,259,10,35
River,3.73,8.02,0.73,4.27,35.56,4.27,4852,Chlorination,32.89,135,16,53
Well,2.62,7.66,1.66,3.31,20.9,18.18,3321,None,77.62,489,20,46
Lake,7.6,6.38,2.28,3.57,3.31,17.8,1138,Chlorination,33.44,89,21,55
Tap,7.74,6.26,2.67,7.6,15.75,9.31,2621,Chlorination,34.22,220,32,9
Pond,4.56,7.43,2.55,3.95,15.75,2.69,2728,Boiling,41.15,15,28,4
Well,6.12,7,2.73,6.46,0.43,0.27,1165,Boiling,54.62,146,14,13
Tap,3.74,7.07,4.21,4.07,0.48,8.77,1508,None,60.45,384,20,23
Pond,7.02,8.42,0.85,4.19,16.54,0.8,3841,Filtration,66.36,100,1,62
Pond,8.36,7.81,1.58,3.03,36.38,12.19,4558,Boiling,99.46,417,41,27
Lake,6.88,7.03,4.44,5.25,31.2,12.17,4576,Boiling,56.97,476,37,20
Spring,5.13,6.05,2.8,3.63,11.95,17.98,4918,None,46.99,218,2,75
River,4.59,6.09,2.92,5.76,30.14,3.8,523,Chlorination,70.27,367,24,19
Tap,6.42,7.71,2.39,7.18,32.37,7.43,2258,Boiling,45.06,44,12,61
Well,6.8,8.09,2.74,5.57,26.13,17.19,4339,Filtration,95.84,62,23,95
Tap,5.59,7.77,0.99,7.94,26.07,9.49,238,None,48.15,349,30,50
Spring,6.25,7.01,2.73,8.19,18.49,1.19,1220,Boiling,99.3,389,14,39
River,0.97,6.08,4.99,7.88,6.17,2.22,768,None,59.31,291,5,84
Tap,9.52,8.42,2.83,9.56,19.27,16.27,234,Boiling,86.89,376,40,80
Spring,7.91,8.47,0.22,4.66,17.27,14.87,2760,Boiling,75.38,358,9,64
Well,3.74,7.37,3.98,4.33,29.6,17.52,4592,None,95.34,65,8,27
Lake,5.63,6.18,1.98,7.27,42.81,2.38,1519,Filtration,73.78,118,49,53
Pond,0.47,7.35,0.77,7.16,18.77,15.21,1903,Filtration,70.69,233,40,1
Well,0.41,8.23,4.31,6.57,35.49,13.1,2234,Chlorination,75.7,461,49,80
River,2.51,7.7,0.99,3.03,40.59,4.65,935,Boiling,85.05,7,40,13
Pond,6.9,7.8,4.6,6.89,10.59,19.48,1268,Chlorination,92.92,194,4,13
Well,8.52,6.21,2.21,9.53,45.08,11.41,818,None,48.68,226,44,43
Well,5.59,6.27,3.71,5.34,3.52,18.14,3567,Chlorination,44.06,26,43,81
Well,5.32,6.32,2.73,9.77,45.09,17.18,4117,None,32.4,289,40,39
Well,4.02,8.26,1.28,5.5,8.18,6.66,2115,Filtration,55.91,27,18,33
Pond,1.62,7.31,3.36,3.98,16.86,10.72,2439,None,89.23,158,19,64
River,1.18,7.98,4.79,5.79,30.26,8.63,3387,None,34.89,144,32,17
Spring,7.61,6.29,3.85,6.46,45.28,14.18,1088,Chlorination,67.7,466,42,33
Tap,9.28,8.32,3.02,7.41,12.79,11.76,1827,Boiling,78.64,233,36,86
Lake,4.58,8.05,4.95,6.53,38.18,15.7,4824,Chlorination,88.58,107,30,48
Tap,6.59,6.56,1.33,6.76,35.52,0.24,2588,Filtration,70.84,378,38,79
Tap,9.14,8.19,0.31,3.17,7.99,13.76,2615,Filtration,43.04,438,12,82
Lake,0.9,6.66,0.16,4.78,23.97,6.38,1873,Filtration,97.52,202,37,54
Pond,7.7,6.51,3.55,5.17,24.08,4.48,4307,Boiling,36.63,264,44,61
River,6.17,6.66,4.15,9.91,15.23,16.02,1773,Chlorination,83.83,477,5,69
Lake,5.99,8.27,3.18,5.07,39,1.78,199,None,36.06,312,46,23
River,2.93,8.29,4.53,9.28,46.3,4.57,177,None,40.04,300,7,80
Pond,6.84,6.82,3.49,5.13,35.83,4.07,930,Boiling,92.88,389,42,47
Tap,7.95,7.76,1.85,3.67,48.65,8.4,3736,Filtration,82.72,397,9,79
River,1.13,7.69,0.91,4.73,2.52,6.45,2036,Boiling,55.59,414,40,38
Pond,5.34,8.02,4.62,4.91,1.86,14.41,1485,None,74.71,437,3,47
Pond,1.01,6.74,0.52,9.85,44.69,13.99,2091,Filtration,62.01,10,13,69
Spring,8.73,7.28,2.71,7.72,44.89,6.51,4263,Boiling,34.66,324,3,79
Lake,5.08,7.67,1.57,9.52,5.36,8.74,2384,None,80.48,94,23,8
Spring,8.08,6.07,1.36,8.84,17.87,4.16,4088,None,83.43,129,46,28
Tap,3.68,6.94,3.23,7.05,41.77,13.42,4681,Boiling,91.76,102,20,67
Lake,1.25,7.74,1.16,7.73,6.43,7.92,1915,None,67.84,272,9,59
Tap,0.41,6.63,4.58,7.37,13.37,2.66,15,Chlorination,77.12,485,45,25
Spring,2.82,8.39,2.03,7.66,34.05,2.55,2934,Chlorination,60.66,109,24,37
Pond,2.44,6.08,3.39,4.85,49.09,6.45,836,Filtration,52.32,291,5,61
Tap,5.6,8.4,3.64,5.86,39.86,14.95,2157,Chlorination,58.82,130,15,25
Lake,0.22,6.54,3.41,7.15,38.87,0.51,1576,Chlorination,93.82,190,43,13
Lake,5.21,6.12,4.52,3.25,17.13,5.16,305,Boiling,41.49,298,27,98
Tap,3.92,6.73,1.16,6.38,33.07,3.25,2053,Filtration,47.39,92,35,48
Lake,5.77,7.97,0.43,9.02,5.65,19.13,2890,Boiling,72.43,288,32,42
Pond,7.02,7.88,0.28,6.45,49.61,14.11,3344,Boiling,38.14,205,29,87
Pond,6.34,6.52,4.39,6.87,24.03,4.66,4456,Chlorination,92.43,357,35,7
Lake,9.85,6.49,4.87,4.41,31.94,4.15,1208,Chlorination,33.31,28,24,39
Tap,1.38,7.61,1.51,8.56,43.81,17.16,1858,None,82.87,406,12,24
Spring,4.3,7.15,3.47,5.51,0.05,3.8,2703,None,56.16,186,38,62
Lake,4.25,7.98,0.04,9.7,48.8,19.94,1971,Filtration,33.58,336,14,3
Lake,4.17,6.06,0.94,9.96,17.96,5.65,1113,Chlorination,89,176,37,14
Lake,6.64,7.53,3.45,9.41,16.98,1.69,983,None,74.83,438,29,15
Lake,4.9,7.83,0.33,3.59,7.25,13.82,3310,Boiling,30.62,330,13,53
Tap,5.17,8.48,2.34,5.33,42.91,12.19,4001,Chlorination,48.73,155,49,10
Spring,4.32,7.7,3.31,9.62,43.54,20,2771,Filtration,54.64,245,3,27
Spring,9.92,6.58,3.83,8.63,1,16.04,3152,Filtration,52.58,198,0,6
River,9.28,6.27,2.27,9.38,2.79,8.58,2162,Boiling,64.88,108,2,37
Lake,3.08,7.6,3.15,7.01,45.92,13.53,2127,None,66.88,359,44,23
Lake,1.12,7.31,2.7,6.36,6.14,16.36,3639,Boiling,57.77,71,49,94
River,8.4,8.25,0.26,3.75,31.05,10.27,4274,None,53.22,488,35,67
Spring,9.97,7.82,3.71,8.88,30.98,5.46,560,Chlorination,65.31,220,3,36
Well,2.93,7.27,0.86,8.22,43.49,4.2,1809,Filtration,32.35,280,42,34
Pond,3.58,7.01,0.16,3.41,28.63,5.91,4387,None,75.16,390,13,5
Well,9.42,7.01,2.26,4.47,21.7,16.96,2932,Boiling,72.42,376,24,32
Spring,7.11,6.57,4.33,6.9,48.72,7.61,290,Chlorination,49.55,213,38,95
Lake,2.96,6.04,0.75,7.79,11.44,5.73,4637,None,42.57,456,2,98
Well,5.81,7.44,0.06,3.96,13.14,16.12,1909,Chlorination,35.11,74,6,80
Tap,9.44,6.53,0.55,4.71,4.24,0.64,4689,Chlorination,71.11,417,7,53
Tap,8.12,6.52,1.82,4.35,48.77,11.88,1428,Boiling,69.82,474,43,95
River,7.42,6.31,2.9,4.54,35.32,17.47,947,Boiling,67.33,241,6,13
Spring,7.37,6.47,0.97,9.44,0.6,8.2,2527,Chlorination,98.99,149,47,18
Spring,1.78,6.08,4.01,8.01,35.22,5.39,1348,Chlorination,67.21,322,24,87
Well,8.25,7.69,3.77,8.16,20.21,9.83,380,None,80.53,177,16,10
Lake,2.76,7,3.48,8.56,48.38,14.35,1704,Boiling,37.9,175,25,70
Spring,9.3,7.4,2.44,5.5,13.87,10.33,309,None,50.93,103,3,44
Well,3.65,7.59,1.83,8.37,35.51,0.15,3414,Filtration,49.28,118,48,59
Well,8.58,8.43,1.88,9.85,31.37,1.57,1498,None,70.32,199,17,87
Pond,2.66,6.17,2.52,7.89,0.6,14.43,2894,Chlorination,53.16,69,3,57
Pond,5.15,7.04,0.39,5.92,44.26,8,660,Filtration,74.87,56,16,87
Spring,1.07,6.61,3.41,8.01,6.98,15.7,3447,None,78.31,408,46,77
Well,6.6,7.19,1.76,9.31,33.18,12.99,2273,Filtration,32.36,65,16,23
River,8.36,8.3,1.12,3.9,38.78,11.63,1497,Boiling,74.78,399,44,10
River,7.18,7.81,1.39,4.86,31.55,18.03,2072,None,38.18,57,24,71
Pond,5.23,7.65,0.9,9.44,4.86,0.43,3436,None,62.56,116,2,43
Spring,0.45,7.1,4.51,9.62,48.76,3.1,2142,Boiling,80.86,424,11,78
Lake,9.33,7.68,0.85,6.39,11.84,12.49,4660,None,79.23,306,26,65
River,7.05,6.08,4.41,5.62,31.39,1.32,1605,Filtration,50.99,20,16,87
River,7.46,7.47,2.86,4.98,39.86,12.9,4739,Boiling,49.07,78,21,44
Pond,7.95,7.38,4.34,6.49,46.96,19.68,1431,Filtration,60.82,311,38,73
Pond,7.48,6.87,2.37,9.54,30.2,17.58,1950,None,43.21,353,38,31
Spring,4.41,6.5,4.64,4.05,12.95,11.82,3922,None,98.23,46,42,16
Pond,7.34,8.02,1.06,5.94,41.83,17.88,458,None,54.14,373,47,53
Tap,6.25,6.13,2.77,9.38,8.16,2.33,2948,None,94.61,170,35,9
Well,8.54,6.17,0.63,5.44,1.11,9.09,337,Filtration,93.58,83,15,85
River,8.02,7.1,2.24,8.38,45.41,8.57,3943,None,55.54,107,36,5
Tap,0.41,6.63,2.85,5.72,28.77,6.73,2013,Boiling,47.79,286,28,90
Lake,3.79,7.86,3.03,8.63,3.48,0,4020,Boiling,83.96,270,13,19
Tap,0.35,7.59,1.83,9.87,28.99,17.82,344,Chlorination,46.06,175,6,0
Spring,1.02,7.93,0.38,5.71,7.25,15.55,4671,Boiling,66.49,317,40,63
Lake,6.01,6.81,3.28,8.92,1.57,13.06,942,Chlorination,37.75,475,27,80
Lake,8.74,7.85,2.44,9.92,5.83,2.58,345,Boiling,57.02,69,12,0
Pond,1.2,8.16,0.68,9.89,38.76,7.56,3894,Boiling,35.47,386,15,60
Tap,4.51,6.86,4.68,6.04,37.78,18.49,3319,None,49.84,165,20,78
Spring,9.11,6.85,4.78,6.4,30.22,12.34,3695,Boiling,76.57,342,3,0
River,8.14,8.25,4.28,5.12,10.47,12.07,324,None,99.39,57,38,80
Pond,5.2,6.12,4.22,5.2,36.95,18.26,2138,None,47.84,450,34,45
Tap,7.72,6.88,0.49,6.45,20.4,11.2,4389,Boiling,63.13,244,14,59
River,5.23,6.3,4.97,4.4,25.54,11.95,3612,Filtration,61.36,44,25,42
Tap,1.58,6.07,2,7.98,44.88,6.91,523,None,42.89,171,45,43
Pond,1.25,6.28,0.82,6.75,22.89,7.43,2897,Boiling,72.7,263,6,37
River,1.88,7.08,4.06,9.29,31.32,13.71,3740,Filtration,80.73,382,17,1
Pond,3.51,7.72,1.13,8.67,48.09,6.41,258,Boiling,40.31,65,24,81
Tap,9.31,6.72,2.63,5.26,22.57,11.18,1110,Boiling,83,326,36,11
Lake,8,8.12,0.64,6.54,28.04,5.58,820,Filtration,79.01,188,20,92
Well,4.33,7.09,2.37,8.25,29.22,3.32,2788,Boiling,43.81,272,7,22
Lake,4.93,8.42,2.79,4.35,12.04,9.09,4664,None,75.43,70,19,8
Pond,2.66,8.39,2.23,3.22,36.85,4.35,4604,Chlorination,57.56,352,17,7
Pond,7.04,7.93,0.35,8.97,36.33,17.97,1563,Chlorination,77.68,35,18,49
Pond,8.03,8.33,2.42,3.96,10.68,6.07,4620,Boiling,64.73,238,2,79
River,2.39,7.77,2.34,9.23,0.67,11.95,1207,Chlorination,33.37,67,37,61
Spring,0.42,8.24,1.31,9.4,49.95,5.27,308,Chlorination,85.09,107,17,22
Pond,6.24,6.59,4.61,6.22,29.08,5.16,1839,Chlorination,68.89,207,26,92
Lake,5.63,6.86,2.09,8.65,9.05,7.01,3352,None,80.74,276,14,58
Well,4.02,7.88,4.32,5.54,14.18,18.32,1383,None,38.83,209,45,9
Pond,6.44,7.06,0.55,9.01,30.89,7.83,2306,Chlorination,80.49,301,20,11
Pond,5.51,8.09,1.59,8.77,6.88,16.43,1180,Filtration,58.96,429,21,61
Pond,2.51,8.19,0.88,3.55,1.86,3.95,2472,Filtration,85.95,347,7,75
River,3.98,6.75,2.04,7.08,39.92,0.96,2686,Filtration,71.94,106,10,29
Pond,4.28,8.06,0.56,7.48,35.79,15.63,2967,None,54.84,379,42,73
Lake,8.8,6.39,2.21,3.01,15.48,10.84,4445,None,44.13,15,11,77
Tap,9.61,6.84,1.77,9.86,2.92,10.07,960,None,87.11,238,47,67
Spring,8.93,7.29,1.12,5.85,24.31,5.44,3456,None,69.21,405,38,46
Pond,7.19,6.57,3.21,6.62,13.81,1.45,437,Chlorination,99.12,389,26,83
River,5.85,7.45,4.75,4.36,19.89,9.66,455,None,56.14,221,34,40
Lake,6.89,7.45,1.04,7.28,13.7,17.34,3817,Chlorination,78,439,1,6
Pond,9.39,6.52,3.56,8.67,8.76,2.4,1569,Filtration,73.6,255,34,93
River,2.5,7.99,3.71,7.1,19.35,18.58,1103,Chlorination,74.63,300,30,87
Tap,5.35,7.58,2.49,8.52,48.24,5.49,1618,Filtration,81.59,441,7,73
Well,6.9,6.79,4.49,8.12,13.31,10.64,3612,None,39.74,411,19,51
Pond,6.79,6.58,4.83,4.66,16.8,1.33,1512,Filtration,68.48,144,7,44
Lake,2.52,8.2,1.81,6.05,16.46,8.5,4738,Filtration,65.64,163,3,37
River,5.87,8.09,3.26,4.04,24.01,2.52,391,Chlorination,53.98,11,30,35
River,7.96,6.57,3.31,3.29,42.18,0.96,2621,Filtration,60.53,49,31,80
Pond,4.75,6.09,2.02,3.44,20.11,19.33,920,Boiling,66.32,314,12,84
River,7.93,8.01,1.58,9.6,40.31,14.6,2457,Filtration,52.46,359,21,57
Well,3.6,7.54,4.67,9.89,5.75,14.38,3600,None,50.52,11,25,45
River,9.39,6.25,3.95,3.66,44.75,1.81,4508,Filtration,81.68,483,16,66
Spring,5.34,7.47,0.57,5.35,9.27,18.59,1788,Boiling,34.68,189,28,64
Spring,5.96,7.13,0.6,3.8,1.96,9.39,260,Chlorination,51.91,295,26,17
River,0.31,7.94,4.61,8.84,7.92,17.05,2013,Filtration,75.76,92,21,1
Pond,1.7,6.52,0.41,6.47,9.54,0.25,1335,Boiling,44.61,129,17,3
Spring,6.33,7.13,3.44,7.35,25.43,5.96,334,None,70.06,348,4,95
Lake,4.2,6.39,1.13,6.78,22.5,19.92,2779,None,51.15,477,11,82
Spring,5.08,8.39,0.18,7.97,35.79,8.56,803,Chlorination,89.03,483,1,83
River,0.63,7.95,0.3,5.23,2.55,17.77,2437,None,54.5,363,41,41
Pond,8.34,7.84,1.87,3.96,24.89,6.56,2807,Boiling,46.07,408,6,48
Tap,7.85,7.73,0.39,3.12,16.62,10.51,940,Filtration,67.11,340,46,48
Pond,1.85,7.06,2.98,6.12,31.54,17.08,3163,Boiling,39.5,213,25,6
Pond,6.34,8.31,3.24,9.35,2.18,12.12,902,Chlorination,85.82,329,38,8
Pond,8.18,6.18,1.87,5.14,1.75,14.5,3432,Filtration,77.6,382,14,70
Lake,6.41,8.01,3.71,4.37,21.36,4.58,1268,Boiling,83.94,286,47,26
Well,3.1,6.54,2.45,9.48,40.57,3.12,23,Chlorination,57.92,174,32,20
River,6.56,6.81,2.15,3.74,33.55,4.61,4652,Chlorination,88.45,443,46,34
Well,2.1,7.3,2.03,3.36,0.84,9.86,2748,Filtration,64.55,200,2,87
Tap,3.18,7.96,2.16,9.16,8.92,16.02,2450,Filtration,36.63,104,41,95
Well,2.4,8.1,4.84,7.91,11.34,7.08,1396,None,45.68,230,47,75
River,5.57,7.46,3.41,5.95,21.15,11.3,3357,None,79.77,97,1,86
River,1.08,7.01,1.58,8.27,29.34,16.1,3904,Filtration,92.75,102,16,35
Tap,9.33,8.37,3.67,8.19,10.82,4.78,2488,None,36.66,40,0,92
River,3.34,6.62,1.65,3.28,19.13,17.66,3666,Filtration,90.5,433,35,66
Tap,2.19,8.01,0.63,7.73,29.2,19.06,1757,None,85.93,150,42,42
Tap,4.97,7.53,2.38,7.49,19.17,0.78,4977,Boiling,54.96,267,16,7
River,2.77,6.94,3.76,9.75,7.16,1.18,1878,Chlorination,78.25,326,1,97
Spring,5.35,6,1.89,9.77,24.58,1.82,2532,Filtration,43.09,351,32,77
Tap,3.49,7.12,4.35,5.64,16.2,15.54,3514,Filtration,86.94,466,28,35
River,1.32,6.69,1.93,7.13,43.21,3.79,3773,Filtration,76.01,277,5,47
Spring,2.66,6.26,1.75,3.99,38.78,14.51,2078,Boiling,60.72,55,42,45
Tap,4.38,6.19,4.99,3.47,9.51,8.83,4661,Chlorination,90.52,15,35,31
Spring,0.3,6.87,2.41,6.03,7.63,16.73,2057,None,39.75,441,23,6
Lake,7.71,7.54,4.03,7.83,17.38,16.17,677,None,89.2,455,10,73
Pond,6.22,8.09,4.02,6.97,20.61,19.19,4946,Chlorination,31.67,221,4,11
Lake,6.01,6.46,4.63,6.01,46.6,5.02,2974,None,82.72,178,29,54
Spring,5.46,7.06,0.42,8.73,15.08,4.58,284,Filtration,70.14,133,9,22
Tap,5.9,6.98,1.36,8.56,43.38,0.63,2200,Chlorination,78.77,257,36,74
River,9.35,7.28,3.84,8.12,25.27,8.21,4466,Boiling,58.86,61,26,51
Well,0.09,8.02,2.81,3.54,44.28,9.18,1840,Chlorination,90.51,481,26,12
River,0.48,7.38,2.8,8.58,35.1,19.29,1878,Filtration,51.92,476,23,75
Well,1.91,8.12,0.83,9.44,35.42,16.62,1610,Chlorination,49.25,487,2,70
Well,1.67,7.3,1.41,3.42,25.94,3.34,3962,Boiling,51.12,122,37,52
Tap,1.81,7.51,2.61,5.81,42.02,15.97,4236,Boiling,84.21,41,25,62
Spring,6.72,7.09,1.39,9.92,12.72,3.57,3159,Chlorination,64.67,372,44,73
River,4.59,8.06,1.05,7.19,45.37,1.56,3498,Chlorination,67.6,372,47,70
Spring,9.92,8.31,0.44,6.6,31.84,16.74,2131,None,88.22,298,38,50
Lake,2.27,7.6,0.78,4.24,21.94,19.52,3314,None,88.34,51,17,57
Tap,3.11,8.05,3.84,6.96,49.11,1.76,1378,Filtration,41.32,378,2,26
Tap,9.84,6.15,3.59,6.07,43.1,16.28,3077,None,68.48,441,37,6
Lake,8.32,8.27,0.23,3.89,38.6,17.18,3014,Filtration,38.82,403,41,49
River,4.7,6.47,1.02,6.25,13.7,2.38,3892,Filtration,90.8,311,47,23
Pond,5.55,6.64,2.8,4.15,48.69,5.67,1715,Chlorination,88.59,66,24,86
Lake,8.43,6.13,1.61,8.11,37.15,14.67,452,None,89.45,58,12,24
River,4.81,8.41,4.12,9.82,30.26,16.15,341,Boiling,79.34,303,24,43
Well,2.06,8.13,3.92,6.29,46.09,7.08,392,Boiling,62.68,34,23,35
Tap,8.28,8.28,4.46,7.43,8.11,3.2,1269,Chlorination,58.33,135,40,56
River,5.38,8.12,2.81,6.02,6.95,12.97,3050,Boiling,57.67,498,15,96
Spring,1.53,7.2,1.76,3.97,28.19,14.04,4059,Boiling,34.63,75,42,36
Spring,5.06,8.31,3.03,9.79,2.84,10.07,970,Chlorination,96.42,241,40,51
Tap,4.13,8.42,0.45,3.91,33.2,2.9,2205,Boiling,61.52,492,41,62
Lake,8.77,7.26,0.05,3.78,12.04,16.89,4794,Chlorination,95.11,490,10,6
Pond,1.26,6.44,0.09,6.21,5.95,12.91,165,Filtration,91.55,287,20,93
Lake,8.75,7.65,2.04,7.61,20.47,17.38,254,None,88,220,30,59
River,5.12,8.44,1.14,5.48,23.3,18.66,301,Boiling,71.18,300,14,94
Lake,4.04,8.18,0.79,4.35,8.52,16.11,3103,Chlorination,37.11,84,44,36
Tap,1.62,8.15,3.08,8.73,2.08,19.17,3840,Boiling,52.67,122,48,20
River,7.01,8.33,4.98,5.54,20.7,19.09,2556,None,72.25,194,35,97
Well,9.27,8.23,0.89,4.36,37.98,12.39,1505,Boiling,30.94,101,42,45
Lake,3.75,7.94,2.73,5.56,43.71,14.56,1256,Filtration,32.98,282,0,20
Lake,2.42,7.8,0.6,4.5,4.88,13.99,2262,Chlorination,77.44,374,27,83
Pond,5.55,6.66,4.67,6.64,26.23,12.42,4340,None,92.17,2,32,97
River,7.96,7.55,1.46,7.68,13.17,0.39,209,Filtration,89.86,312,2,71
Spring,0.04,7.3,4.39,8.6,18.73,7.12,3793,Boiling,41.77,448,14,95
Lake,6.31,8.15,1.42,4.59,46.67,2,4521,Boiling,93.79,493,32,51
Tap,5.97,7.23,4.03,4.17,17.6,6.01,3047,Boiling,78.74,246,31,93
Lake,3.18,6.32,1.05,3.14,18.27,1.37,980,None,80.14,147,22,28
Pond,4.51,6.01,1.46,4.6,10.47,18.4,2119,Chlorination,51.28,198,25,68
Well,2.47,7.69,0.96,3.17,48,9.03,3745,None,80.12,120,47,93
Pond,7.9,7.37,1.32,5.42,22.82,3.79,177,Filtration,79.68,168,16,75
Lake,6.35,6.83,4.17,4.02,28.52,11.7,1546,Chlorination,71.63,0,8,38
Spring,5.33,6.42,3.2,7.06,22.66,3.93,2034,None,55.01,329,4,26
Lake,3.93,7.17,2.03,5.69,12.65,16.09,298,Boiling,86.77,108,28,76
River,2.91,6.25,4.86,3.66,40.52,6.12,2567,Filtration,95.63,459,5,9
Lake,8.23,6.84,2.32,5.8,1.42,6.3,3566,Boiling,90.89,387,46,35
Spring,4.51,6.95,4.85,4.47,34.51,17.4,4039,None,47.01,326,40,94
River,5.01,7.16,0.98,7.76,29.71,11.18,274,Filtration,61.2,9,34,15
Tap,5.21,7.17,4.52,5.55,7.21,17.75,2995,Chlorination,53.97,469,20,35
River,4.48,6.64,0.07,4.03,8.3,8.26,52,Chlorination,79.52,126,44,89
Pond,2.56,8.13,2.73,5.45,32.96,6.88,1423,None,88.2,472,44,83
Well,1.2,6.89,2.12,4.57,15.61,10.12,1627,None,45.11,156,22,33
Pond,0.99,6.57,2.63,8.57,13.29,1.23,488,Chlorination,96.31,230,34,36
River,7.57,6.44,2.77,9.88,2.96,3.08,2354,Chlorination,77.41,14,45,71
Tap,2.24,6.81,1.95,3.18,38.32,4.39,416,None,45.29,274,1,67
Lake,0.56,6.17,4.99,7.83,44.13,16.33,2556,Chlorination,55.98,486,41,58
River,7.98,6.08,4.88,4.85,40.99,14.68,920,Filtration,37.32,441,8,28
Pond,1.54,7.51,4.81,3.46,23.3,3.87,1553,None,71.79,365,12,30
River,6.25,7.55,4.9,3.1,26.7,5.53,2685,Filtration,41.84,436,42,65
River,3.39,7.32,3.97,9.17,12.11,18.89,665,Boiling,78.52,45,33,88
River,1.26,7.91,4.94,5.48,8.64,1.72,4101,Filtration,81.61,273,15,2
Tap,4.14,6.1,4.46,9.96,41.15,10.95,2469,None,63.55,105,4,68
Spring,0.15,8.34,2.08,6.1,39.92,10.44,1474,Boiling,36.57,2,0,21
Spring,8.41,6.24,3.92,4.31,38.87,14.51,337,Chlorination,72.76,325,39,79
River,5.13,7.69,4.56,8.44,23.17,5.23,3159,Filtration,56.05,252,21,72
Tap,1.39,6.33,3.56,9.49,43.23,18.7,268,Filtration,96.48,21,47,52
Tap,2.37,8.2,2.11,8.71,46.31,8.21,1087,None,65.92,54,45,47
River,4.48,7.28,0.33,8.22,16.42,5.71,1293,Chlorination,35.06,373,25,72
Pond,1.89,6.21,4.05,5.34,11.23,6.74,656,None,74.52,447,33,75
Pond,2.69,7.54,4.76,3.45,23.21,6.97,2828,Chlorination,84.55,296,49,46
Well,5.34,6.02,1.81,4.41,8.97,3.98,3973,None,41.24,109,20,41
River,8.33,7.94,0.76,6.13,44.2,18.56,4957,Chlorination,61.43,372,6,3
Well,4.02,7.63,1.63,9.69,16.9,3.5,1336,Boiling,82.02,222,24,81
Pond,7.17,6.53,2.91,8.06,28.81,17.66,2356,None,31.43,468,11,81
Pond,8.77,6.94,1.58,8.8,29.74,8.1,1667,Boiling,32.03,247,30,41
River,2.16,6.02,3.05,4.94,25.75,5.39,1825,None,77.38,135,46,42
Well,8.07,7.73,4.83,7.79,7.83,3.97,4030,None,80.76,320,26,96
Well,7.57,6.81,3.35,9.04,49.55,10.09,1212,None,89.21,386,21,41
River,3.57,7.43,1.81,6.36,8.63,13.39,2768,Filtration,57.97,412,33,2
Well,9.9,8.39,4.68,6.01,37.58,17.96,4415,None,57.28,245,16,58
Lake,2.63,6.75,2.83,8.04,39.57,13.05,3058,Chlorination,68.67,69,10,80
Pond,2.55,8.48,0.64,6.92,7.26,9.67,444,Filtration,83.01,480,28,75
Spring,7.72,7.58,2.49,9.95,46.66,0.67,1397,Chlorination,74.87,17,33,10
Tap,4.35,6.61,3.27,5.98,24.39,18.31,4381,Chlorination,52.91,489,36,80
Well,3.31,7.09,4.19,4.23,31.44,18.05,2218,Chlorination,54.26,496,48,34
Well,1.79,7.85,4.68,6.3,32.11,7.57,3676,Chlorination,83.41,185,47,49
Tap,7.65,7.12,1.59,4.65,25.25,0.58,2310,Chlorination,67.43,116,25,62
Well,7.86,6.17,0.78,6.93,7.1,14.67,4040,Boiling,36.86,256,44,69
Tap,5.67,6.42,0.37,3.88,37.59,15.83,3606,Filtration,40.71,277,44,98
River,9.57,7.98,3.69,9.65,29.09,10.85,1827,Chlorination,89.58,94,44,5
Lake,3.18,7.62,3.98,9.02,5.93,8.06,3219,Boiling,99.92,406,31,31
Lake,2.2,7.42,2.05,4.09,35.02,17.02,4688,Boiling,53.5,391,36,10
Pond,6.77,6.42,1.98,4.21,35.14,3.85,4511,Chlorination,57.07,412,4,42
Spring,7.58,8.09,4.77,6.59,27.42,8.79,2072,None,40.81,427,19,38
Well,2.25,8.4,4.58,8.41,4.53,0.49,4189,Chlorination,46.5,114,6,12
Spring,0.77,6.1,1.17,4.53,17.63,3.28,2330,Boiling,59.72,493,42,12
River,8.11,6.2,3.9,3.43,2.55,18.82,685,Chlorination,49.91,61,22,38
Lake,9.77,8.21,3.11,6.82,23.88,11.56,4958,Boiling,79.1,274,0,45
River,6.45,8.04,0.77,7.84,45.32,16.11,684,Chlorination,67.65,314,38,33
River,2.78,7.54,1.78,4.71,0.11,9.73,2937,Boiling,87.56,496,2,66
Well,9.97,8.36,0.89,8.18,13.33,16.7,3711,Chlorination,80.72,123,44,31
River,8.93,7.62,1.48,9.65,39.99,10.78,340,None,38.97,79,2,67
Lake,5.13,6.54,3.08,3.96,0.49,0.09,4699,None,38.64,146,5,64
Spring,8.25,7.82,1.88,6.58,0.51,17.99,733,Boiling,92.7,484,30,72
Lake,8.16,7.61,1.97,3.4,30.54,2.97,1496,None,87.37,21,26,6
Well,9.35,8.46,2.7,4.45,39.46,9.01,3893,None,62.75,82,28,90
Lake,8.41,6.53,0.44,3.63,38.83,9.53,2954,Filtration,39.13,323,14,2
Tap,6.44,7.49,3.69,5.83,38.98,0.94,1131,Chlorination,92.9,4,35,85
Spring,6.09,7.95,2.01,8.75,18.05,1.06,4635,Chlorination,46.15,260,4,79
Tap,4.67,6.85,2.4,7.04,44.14,15.25,1732,None,32.49,408,2,71
Tap,6.26,6.95,4.87,4.56,0.64,6.01,3035,None,94.7,279,24,68
Pond,7.95,8.22,1.72,3.28,15.61,8.19,2713,Boiling,86.63,128,31,48
Well,9.69,7.01,3.24,6.87,16.86,11.28,2479,Chlorination,78.54,113,20,57
River,4.67,7.56,1.96,3.93,8.28,7.47,1419,Filtration,32.38,283,47,93
Tap,5.74,8.22,4.47,5.4,16.81,15.5,1989,Filtration,66.99,46,16,27
Lake,4.45,6.52,4.23,6.57,29.29,17.69,4710,None,75.75,340,8,26
River,6.68,8.45,1.21,9.33,26.01,1.19,487,Boiling,83.15,187,25,21
Lake,6.3,7.75,3.46,3.57,15.97,12.71,3819,Boiling,62.98,18,21,93
Lake,0.18,7.24,0.33,7.68,37.47,6.35,1441,Chlorination,96.73,86,40,70
River,5.41,7.08,4.82,3.1,35.74,11.67,2390,None,47.13,141,45,93
River,0.88,8.39,1.74,7.41,14.03,9.68,1384,None,34.88,250,22,12
Lake,0.26,6.51,4.16,6.86,16.16,6.67,2156,Boiling,53.29,325,10,21
Well,7.91,6.78,1.59,8.68,14.38,1.9,4944,Filtration,76.33,479,9,74
Spring,2.59,6.77,3.16,6.72,6.44,11.19,4396,Filtration,81.6,369,22,4
Pond,3.41,6.72,4.92,5.47,37.64,2.26,1391,Chlorination,81.69,479,4,21
Spring,0.64,7.17,4.38,4.7,2.31,3.12,4800,None,37.75,7,25,78
Well,1.8,8.47,0.8,3.6,7.53,19.64,3142,None,91.96,36,3,52
Pond,7.66,8.22,2.74,6.74,5.27,6.33,268,Filtration,49.66,85,42,38
River,4.94,6.82,1.74,9.22,41.27,11.69,3917,None,44.69,71,26,36
Pond,8.81,7.06,2.17,6.6,2.2,5.44,1524,None,73.01,380,37,30
Lake,3.97,7.67,1.68,8.17,33.23,17.31,477,Boiling,44.83,485,33,61
Spring,2.69,6.04,1.68,5.09,2.22,5.67,4271,Chlorination,65.56,265,2,92
Pond,3.48,8.05,2.71,6.14,39.32,7.34,238,Chlorination,58.49,66,49,80
Lake,7.13,8.2,0.96,5.27,45.64,12.17,609,Chlorination,46.24,140,31,5
Well,5.55,8.14,2.69,3.76,24.34,17.4,4587,Boiling,50.44,294,25,80
Pond,9.04,6.94,1.39,5.92,40.23,16.32,4424,Chlorination,59.92,63,17,33
Lake,6.02,7.15,1.44,8.35,35.32,5.28,3397,Chlorination,54.23,29,6,86
Well,4.93,6.03,3.69,5.76,39.78,16.59,4540,Filtration,56.71,387,44,51
River,7.86,7,0.15,7.55,38.34,14.02,4537,Filtration,81.48,44,12,29
Well,9.48,7.15,1.9,8.31,10.27,19.8,4890,Chlorination,41.79,133,5,12
Well,3.56,8.27,2.04,5.26,24.98,18.71,1831,Boiling,73.93,15,34,57
Spring,2.5,8.23,2.43,8.58,48.02,10.66,4986,Boiling,77.47,277,30,93
Lake,6.16,8.42,3.35,5.37,17.18,15,1154,Boiling,86.15,218,41,52
Pond,4.99,8.21,1.85,4.79,48.52,11.4,1751,None,89.31,276,36,19
Spring,9.89,6.02,1.07,4.56,29.16,11.9,3598,None,41.11,220,42,5
Tap,4.62,7.6,4.42,4.4,23.08,2.03,2485,Boiling,39.68,192,3,54
Well,0.74,6.17,4.91,8.16,32.89,0.04,3338,Filtration,73.03,157,41,30
Tap,9.77,6.68,0.1,9.21,40.79,0.96,2333,None,82.98,23,3,58
Spring,8.44,7.45,2.73,4.61,19.71,19.33,4386,Boiling,49.06,319,44,18
Lake,1.78,7.75,1.71,3.6,1.65,2.53,4463,None,66.81,140,7,69
Spring,9.05,7.64,1.38,5.2,35.44,0.89,4581,None,84.06,221,37,97
Lake,3.41,6.12,1.68,7.6,47.81,6.19,167,None,83.73,25,10,27
Lake,3.77,6.26,3.19,5.58,31.25,11.76,3542,None,75.77,97,1,12
River,9.06,6.32,0.95,6.84,9.42,18.97,4009,Boiling,35.52,275,17,51
Well,5.3,6.23,4.56,8.21,12.41,14,77,None,33.55,60,17,73
Spring,1.38,6.45,2.33,5.86,45.49,5.53,2898,Chlorination,57.19,379,21,60
Lake,3.69,7.72,1.63,10,0.68,18.78,1108,Boiling,31.87,242,11,40
Spring,7.22,8.08,3.83,5.09,27.44,0.72,891,Boiling,93.29,389,16,44
Spring,1.74,7.02,0.08,9.85,7.93,19.58,4756,Boiling,31.41,426,16,6
Lake,5.9,7.73,2.16,4.42,14.14,1.17,1224,None,32.07,432,35,81
Pond,6.95,6.5,1.78,3.78,15.35,15.08,4684,Boiling,41.57,8,28,85
Tap,3.44,8.43,1.69,8.26,10.96,0.91,564,Filtration,73.89,383,48,13
Well,6.94,6.87,1.69,7.92,39.62,18.63,2859,Chlorination,67.91,356,15,35
Well,8.84,8.11,0.16,8.68,16.61,2.17,301,Filtration,76.16,420,40,7
Pond,4.72,8.36,0.76,5.41,17.27,1.01,4389,Chlorination,92.55,271,10,11
River,3.83,8.16,0.71,9.52,22.65,17.79,108,Chlorination,61.85,259,43,39
Pond,2.51,6.17,4.94,3.84,45.11,1.92,2412,None,33.07,31,42,96
River,6.04,7.63,0.11,3.21,34.41,15.96,2647,Chlorination,83.44,339,44,87
River,8.8,6.3,0.84,5.1,3.09,14.94,2725,Chlorination,86.84,92,21,61
Pond,3.25,6.01,4.87,8.58,1.96,11.98,3338,Filtration,33.49,478,29,13
Well,3.96,6.13,3.14,7.71,28.32,7.56,2140,Chlorination,47,127,7,48
Tap,4.07,8.29,2.25,6.05,44.35,18.31,4523,Boiling,83.94,236,45,50
Well,5.61,8.27,0.39,4.79,16.16,17.42,4733,Boiling,56.33,16,17,61
Well,2.28,6.56,3.35,3.41,12.39,8.52,3813,Chlorination,63.09,40,45,4
Well,8.22,7.37,0.69,5.36,37.41,4.63,4200,Boiling,87.62,472,15,82
Pond,2.96,8.39,3.36,6.22,30.1,5.45,2256,None,36.62,300,46,66
Pond,7.05,7.24,4.9,7.81,28.25,4.41,3645,Boiling,77.41,271,19,0
Pond,5.13,6.98,2.66,7.52,7.47,10.83,3059,None,45.05,275,38,96
Well,5.86,7.21,1.07,9.63,8.8,17.37,2521,Chlorination,34.39,41,7,48
Tap,1.8,7.98,3.13,3.7,14.09,15.47,3417,None,76.37,265,29,16
River,7.35,7.19,2.56,5.35,10.34,15.91,11,None,38.5,51,37,72
Spring,1.89,7.96,2.67,6.37,48.57,8.97,4744,Chlorination,82.29,187,28,94
River,1.13,7.08,2.39,7.69,0.93,6.45,3266,Chlorination,44.19,431,12,34
River,5.47,6.63,3.37,6.47,31.3,15.15,3145,None,33.4,150,16,66
Spring,7.09,6.82,2.86,9.39,25.88,15.87,874,Filtration,36.95,243,39,12
Well,0.5,6.19,4.93,7.26,16.16,13.91,2433,Chlorination,88.89,288,42,36
Tap,0.69,7.24,4.13,3.28,44.38,0.64,883,Chlorination,55.97,490,16,37
Tap,8.03,6.37,1.32,3.8,33.51,11.79,4650,Filtration,51.16,126,8,77
River,8.09,8.03,3.63,8.27,49.92,6.94,3985,Boiling,64.38,204,1,5
Spring,2.45,7.05,1.07,8.01,8.43,3.92,1579,Filtration,74.31,408,41,92
Lake,6.15,7.91,3.91,4.07,4.39,13.89,3771,Boiling,32.6,305,23,62
Well,4.43,8.39,0.74,3.41,6.97,5.37,352,Filtration,92.87,356,20,48
River,6.33,8.12,2.37,7.05,13.46,18.26,1506,None,97.09,99,45,8
Tap,8.63,8.38,3.95,7.45,20.84,5.96,3487,Chlorination,59.21,343,1,35
Pond,0.8,7.42,1.4,3.95,43.13,11.1,2851,Filtration,58.88,453,4,22
Pond,7.78,6.41,4.19,6.32,14.18,16.56,2029,Chlorination,91.5,78,16,78
Spring,4.93,8.34,3.22,5.14,45.76,8.04,1846,Boiling,60.05,182,23,56
Spring,5.64,8.17,1.99,9.52,23.15,16.57,2390,None,89.93,97,7,49
River,6.54,8.16,2.12,4.53,32.35,14.47,4030,Chlorination,31.98,67,29,58
Lake,9.23,7.73,4.63,8.13,13.22,18.42,3438,Filtration,64.28,333,49,6
Tap,0.57,7.56,1.09,6.63,7.8,6.52,2383,Filtration,96.67,387,21,46
River,0.29,6.04,3.47,3.08,43.47,2.1,3367,None,47.7,27,23,88
Lake,1.78,7.87,3.54,6.62,5.48,8.61,4980,Boiling,48.63,28,25,86
Spring,9.86,6.23,4.61,3.7,38.7,15.72,1465,None,74.11,337,7,74
Pond,7.15,6.65,3.57,7.61,29.05,9.01,2151,None,94.83,121,11,55
Well,6.15,7.38,2.92,6.96,43.06,5.24,3483,Chlorination,43.91,211,13,7
Pond,0.47,7.13,4.51,3.07,35.89,0.55,573,Boiling,94.52,175,29,35
Tap,8.79,6.04,4.15,4.43,14.08,6.26,774,None,76.41,104,34,41
Tap,8.13,8.06,3.58,8.43,28.72,14.27,3365,Chlorination,99.51,479,30,38
Pond,6.65,8.2,0.16,4.93,0.65,2.95,4338,Chlorination,81.55,71,27,64
Pond,3.39,7.7,1.87,6.49,23.76,6.82,3930,Boiling,76.75,490,45,43
Lake,0.71,7.35,3.16,5.18,4.3,0.4,2680,Boiling,87.04,109,26,76
River,5.8,8.4,2.61,9.45,21.45,14.44,4960,Chlorination,42.26,112,35,79
Spring,7.2,6.3,1.6,6.76,5.48,17.61,2220,Boiling,96.22,396,0,45
Lake,0.94,7.84,0.72,7.87,47.77,11.37,1439,Chlorination,41.59,231,40,12
Well,6.34,6.32,2.76,3.58,26.15,0.52,713,Boiling,31.8,493,13,36
Pond,2.86,6.95,1.43,3.28,45.66,4.35,575,Boiling,78.85,42,9,13
Well,7.64,7.46,1.17,4.81,1.12,8.77,2981,Boiling,42.92,264,49,12
Well,5.4,7.84,1.99,5.16,31.88,11.75,69,Filtration,83.11,295,41,11
Lake,1.29,6.01,3.93,7.81,15.35,9.93,3764,Boiling,85.65,45,6,54
Spring,5.27,6.65,2.44,6.98,21.59,18.32,4938,Filtration,46.57,494,39,27
Tap,3.96,7.35,1.08,5.62,43.65,18.77,2376,Chlorination,36.07,57,13,21
River,1.8,7.33,0.58,7.58,49,2.14,2205,None,65.06,224,35,83
Tap,8.42,7.59,2.49,4.14,12.32,2.77,917,None,92.32,439,26,18
Spring,0.11,6.76,3.97,3.44,47.41,7.16,2745,None,89.31,139,10,74
Tap,3.12,7.35,3.26,8.98,34.44,8.42,742,Chlorination,38.2,100,41,29
Pond,0.13,6.47,1.16,6.95,47.57,11.72,4150,Boiling,97.53,280,48,53
Pond,0.96,6.47,2.18,7.54,28.12,15.46,2533,Filtration,48.48,237,36,89
Lake,2.97,7.44,4.28,5.15,48.04,2.72,1837,Chlorination,54.46,88,41,14
Well,0.54,7.71,0.89,5.6,44.62,16.05,1376,None,40.43,245,9,29
Spring,5.97,6.3,2.66,3.58,6.43,12.2,409,None,56.45,399,6,28
Spring,0.87,6.31,1.78,9,15.54,19.62,3007,None,74.49,178,16,31
Tap,7.02,7.41,0.62,7.15,12.15,13.02,2952,None,65.43,379,11,29
Lake,0.53,6.68,0.25,3.59,28.6,14.32,4242,Filtration,87.93,463,36,15
Tap,0.59,6.98,2.78,8.63,40.14,3.9,1679,None,74.89,230,36,35
Tap,3.05,7,0.1,6.11,37.97,15.38,1714,Filtration,48.45,98,35,81
Spring,8.97,6.45,0.52,8.36,36.34,1.59,1197,None,69.02,214,6,47
Tap,6.41,6,1.74,3.09,18.76,13.13,2337,Chlorination,34.49,199,23,27
Well,7.7,8.13,0.22,3.2,6.98,1.11,3216,Filtration,70.66,255,33,61
Tap,1.42,7.79,2,4.2,10.53,2.3,2956,Filtration,57.28,436,0,82
Well,8.34,7.73,0.65,4.48,37.08,2.16,3193,Chlorination,36.89,493,28,55
Spring,0.08,7.37,1.75,8.35,7.38,1.05,26,None,51.52,435,25,55
Lake,2.13,7.75,3.96,7.95,11.15,6.42,3137,None,92.87,194,9,74
Pond,6.16,8.34,3.13,7.31,21.23,19.89,2973,Boiling,71.02,379,0,16
Well,3.75,7.66,2.23,9.19,3.61,6.96,3165,Boiling,93.23,23,44,61
Lake,9.84,6.66,0.46,4.73,10.63,15.22,1090,Filtration,58.76,362,16,20
Lake,0.3,7.43,3.1,9.33,7.49,2.65,249,Boiling,98.52,469,40,36
Well,9.99,7.11,0.82,9.37,47.57,9.09,141,Chlorination,55.2,269,35,33
Spring,6.24,7.39,0.38,6.04,9.58,3.7,266,Chlorination,82.98,277,8,96
River,5.59,7.29,3.32,3.66,43.09,3.84,4310,Chlorination,51.38,225,38,28
Lake,0.6,8.15,4.56,8.09,5.74,1.99,488,Filtration,37.42,227,22,67
Lake,2.73,7.63,2.3,5.36,43.48,8.64,495,Chlorination,88.31,127,28,95
Spring,9.25,6.47,0.2,8.56,29.97,1.51,479,Filtration,83.38,30,1,59
Spring,3.54,6.16,4.4,4.15,42.49,18.2,2690,Filtration,87.44,340,17,10
Tap,6.62,7.06,0.33,6.78,43.37,8.96,4096,Chlorination,50.98,250,27,89
Spring,9.99,6.04,4.34,6.56,29.82,16.77,3080,Chlorination,79.26,57,46,81
Lake,2.63,6.8,1.96,3.7,45.88,19.59,4936,Filtration,45.39,324,41,95
Well,5.76,6.92,1.83,5.54,29.27,13.56,2427,Chlorination,30.79,146,48,59
River,6.96,6.94,2.71,3.59,35.63,18.03,843,Boiling,90.65,105,6,90
Tap,1.65,8.45,4.79,6.25,20.8,2.71,3215,Filtration,66.65,436,10,79
Well,1.49,6.76,4.49,8.9,45.7,16.6,3911,None,98.86,84,6,73
River,4.56,6.66,2.35,4.89,41.21,5.42,4077,Filtration,56.95,1,42,33
River,3.86,6.32,3.48,8.35,8.34,9.45,2349,Chlorination,96.98,436,23,32
River,7.14,7.28,2.9,4.28,28.82,12.93,649,Chlorination,73.05,450,14,9
Pond,0.7,6.38,3.47,7.72,44.84,18.07,1893,Filtration,65.85,302,30,59
Well,9.72,7.54,4.15,9.41,39.65,18.22,2856,Filtration,51.2,370,18,25
Tap,0.14,6.39,0.17,5.27,48.13,1.84,3250,None,87.77,52,9,24
Tap,6.01,7.44,1.63,9.3,11.57,7.29,2386,None,88.02,440,47,1
River,5.63,8.07,4.8,6.54,18.37,15.86,1725,Filtration,59.19,221,7,89
Well,1.35,6.11,4.75,5.22,25.36,14.06,1354,Chlorination,80.91,481,0,83
Pond,1.51,7.05,0.06,9.28,11.63,0.53,1293,Filtration,61.31,24,1,2
River,7.93,7.15,1.01,3.22,19.7,9,3046,Boiling,81.78,34,28,31
Spring,8.88,7.98,4.97,3.2,26.88,16.59,3258,Boiling,99.59,156,41,0
Tap,2.83,7.17,2.46,7.2,9.57,14.75,2713,Chlorination,48.37,459,9,23
Lake,4.38,7.42,2.86,8.58,12.83,8.24,403,Filtration,74.38,342,41,49
River,3.55,7.98,0.83,8.26,6.24,14.7,3972,Filtration,56.59,475,8,42
Spring,0.73,7.4,4.47,3.56,35.67,11.02,4032,Boiling,68.39,365,49,43
Tap,6.73,6.9,1.16,9.65,18.08,18.25,1546,Filtration,91.19,144,30,32
Pond,8.25,6.21,0.95,7.92,11.01,11.74,2606,Chlorination,54.33,335,31,37
Well,3.05,7.82,1.14,9.64,25.37,8.01,2825,Chlorination,35.07,432,1,51
Tap,9.9,8.18,4.6,5.3,3.41,17.26,1852,None,85.93,439,23,34
Well,0.76,8.43,3.51,7.86,46.17,1,4206,Chlorination,68.85,456,36,16
Well,6.62,8.32,3.84,9.02,14.72,18.01,812,Filtration,61.46,386,42,57
Pond,4.48,7.99,1.89,5.66,44.32,13.93,3374,Filtration,42.83,277,5,47
Pond,4.47,7.61,4.55,9.75,24.88,18.81,929,Boiling,36.5,478,7,42
River,4.58,7.95,3.95,4.85,42.51,5.01,4981,Boiling,49.51,397,39,47
River,2.59,7.08,3.75,5.21,12.35,13.9,4075,Chlorination,80.32,386,24,43
Tap,7.16,7.49,4.85,9.44,8.76,16.19,3323,None,58.82,293,41,32
Pond,7.22,6.87,1.83,9.79,42.47,14.04,174,Filtration,69.92,342,42,74
Spring,2.82,6.82,3.05,5,10.65,4.21,1363,None,35.74,276,24,86
Tap,8.35,7.89,4.55,3.95,37.31,5.51,2895,Filtration,38.63,178,45,95
Lake,3.17,7.13,3.95,8.31,17.23,11.33,1037,Chlorination,30.79,279,10,82
Well,7.25,6.53,2.82,9.51,37.41,8.94,3011,Chlorination,77.13,351,34,75
Well,1.21,6.5,0.38,7.2,45.38,14.7,2090,Boiling,48.51,300,0,91
River,1.69,8.15,3.26,7.44,49.08,7.57,460,None,97.68,196,22,1
Spring,3.16,7.69,2.63,8.34,17.99,17.19,2752,Boiling,51.59,224,2,9
Pond,5.94,7.37,0.92,4.07,18.38,8.64,148,Chlorination,55.45,427,40,82
Pond,6.46,7,4.41,9.81,49.07,0.8,4433,None,62.86,46,0,27
River,3.96,7.08,1.72,5.55,43.08,0.35,1133,Filtration,52.34,184,43,46
Lake,0.78,6.14,1.94,7.4,2.25,12.93,353,Boiling,87.22,402,11,7
Tap,3.74,7.14,3.36,6.28,28.67,10.81,1107,Chlorination,91.33,161,37,22
Tap,6.89,7.99,2.44,6.28,9.06,10.85,2602,Filtration,30.77,130,39,47
Spring,6.71,6.97,0.45,7.92,49.7,15.8,2113,Chlorination,75.83,294,30,93
River,1.6,6.96,1.94,9.96,6.95,7.51,4094,Filtration,78.03,91,28,91
River,0.08,6.04,0.47,7.61,27.97,19.91,3685,Boiling,97.3,74,34,62
Lake,7.53,7.14,0.95,8.56,33.26,18.91,3206,Filtration,55.93,443,27,76
Tap,1.06,6.06,0.04,3.19,46.85,0.26,1109,None,43.67,137,20,36
River,0.82,7.43,0.91,8.67,42.36,17.91,4179,Filtration,66.44,167,10,11
Pond,0.03,7.27,1.65,5.1,12.29,13.61,1977,Chlorination,61.33,257,25,73
Spring,4.33,8.1,2.69,3.89,28.63,10.04,226,Filtration,85.42,237,10,80
Tap,5.03,7.45,4.6,3.79,47.68,11.65,2939,Boiling,93.28,44,4,64
Lake,6.38,6.81,2.7,7.76,36.79,16.84,1012,Chlorination,36.07,486,6,85
Spring,2.96,7.29,3.53,9.98,34.42,19.02,4115,Chlorination,89.26,410,30,14
Well,7.1,7.75,1.79,7.66,37.75,11.21,3106,Chlorination,93.63,308,38,79
Pond,1.69,6.23,3.76,4.84,16.13,3.63,3936,Chlorination,94.69,136,41,83
Lake,8.32,7.55,3.1,4.42,36.46,12.8,2802,None,83.5,102,7,9
Spring,5.72,8.29,2.3,6.68,11.64,1.52,1466,Chlorination,81.95,128,26,41
River,5.84,6.75,0.97,3.46,21.41,12.7,2988,Chlorination,31.04,160,20,25
Well,2.1,7.57,1.52,5.8,44.5,16.17,269,Chlorination,94.41,37,29,48
Lake,0.74,8.05,3.1,7.66,0.95,7.07,3806,Boiling,54.61,56,13,22
River,4.65,7.28,2.13,9.77,20.72,1.42,1531,Boiling,32.88,160,0,63
Pond,6.16,7.79,4.45,5.98,13.34,13.84,303,Chlorination,58.91,175,44,16
Well,0.95,6.78,1.17,4.4,9.93,6.79,4905,None,81.3,258,23,33
Tap,9.51,6.77,0.37,8.72,41.93,4.98,1932,Filtration,60.94,287,5,56
River,9.8,7.67,2.95,8.21,34.82,13.78,2040,None,83.06,460,5,85
Spring,5.45,7.76,4.43,9.02,5.63,19.39,4021,Chlorination,65.66,404,4,3
Lake,9.5,8.34,1.82,4.5,24.72,14.91,141,Chlorination,50.96,323,34,70
Well,1.79,6.56,3.24,5.83,23.35,9.83,808,None,44.2,144,43,68
River,0.25,7.17,1.16,9.87,7.13,12.01,947,Chlorination,59.48,425,14,94
Tap,0.39,6.63,2.79,4.11,39.99,2.85,3951,Filtration,32.51,67,34,82
Lake,5.88,6.2,3.93,7.7,18.33,16.26,3412,Boiling,59.58,339,47,67
Lake,0.62,7.01,4.34,4.66,38.1,12.09,2292,Filtration,34.8,267,49,49
River,9.59,6.94,0.53,6.5,9.6,19.32,765,Filtration,91.39,217,40,85
Tap,1.42,6.68,1.78,8.6,15.75,19.59,2923,Filtration,70.28,300,7,66
Pond,3.05,6.74,3.2,6.42,4.76,7.09,938,None,75.22,163,42,86
Pond,8.23,6.9,0.17,8.64,7.17,19.77,2496,None,50.22,335,34,67
Well,2.19,8.47,3.45,5.98,44.16,19.14,3562,Filtration,45.81,178,4,87
River,2.43,7.96,2.64,10,5.46,12.8,1262,None,79.55,390,30,58
Well,6.42,6.18,1.44,6.05,4.79,6.67,542,Chlorination,77.01,416,41,77
Pond,2.76,8.18,4.07,4.05,47.02,15.07,2679,Boiling,38.59,47,30,62
Lake,2.17,7.58,1.45,5.81,32.3,5.42,2954,None,46.7,193,36,66
Well,2.54,8.23,4.96,8.2,5.05,12.6,2931,None,96.26,288,7,84
Tap,4.91,6.85,4.08,8.94,48.59,0.49,2781,Filtration,51.29,205,5,25
Spring,9.66,7.16,3.54,6.22,7.36,12.57,4239,Boiling,31.81,83,22,0
Pond,8.32,8.24,0.31,7.16,38.32,19.03,2991,Chlorination,34.46,100,15,93
Pond,2.85,6.68,4.52,8.91,1.74,4.7,2612,Chlorination,84.28,154,43,67
Tap,3.63,8.29,3.95,8.69,31.23,15.56,3648,Boiling,83,46,48,77
Well,4.65,8.07,1.15,7.6,27.34,5.87,1199,Chlorination,56.73,233,7,17
River,9.79,8.45,1.96,8.71,10.4,14.16,2117,Boiling,40.72,340,3,11
Lake,1.72,6.81,1.34,7.03,32.16,14,2680,Filtration,64.87,449,31,37
Spring,3.57,6.59,4.92,3.03,30.85,3.69,2848,Chlorination,53.23,298,48,41
River,7.29,6.83,4.27,3.29,39.92,11.94,4688,Chlorination,56.18,335,2,35
River,9.64,8.39,4.65,9.86,43.79,17.18,4662,Boiling,48.27,146,49,15
Tap,1.56,6.83,3.94,4.01,25.51,7.65,4786,Chlorination,34.4,195,15,64
Well,2.27,7.41,2.28,5.83,24.51,14.21,3681,None,85.38,393,33,66
Pond,2.26,7.01,1.03,9.54,31.08,13.49,3495,Filtration,73.28,21,12,38
Pond,0.21,6.99,1.04,4.37,36.46,5.15,664,Chlorination,88.42,459,32,98
Tap,6.04,6.48,0.76,8.91,17.81,18.37,4501,Chlorination,65.22,193,21,58
Well,6.71,7.34,2.73,8.73,25.23,11.27,3162,Chlorination,98.95,385,30,78
Tap,6.03,8.12,4.6,9.9,29.26,7.11,3365,Boiling,97.38,488,23,37
Pond,0.71,6.12,4.96,4.97,49.42,3.29,1416,Filtration,49.02,363,2,15
River,0.69,8.22,1.44,5.21,29.39,9.47,3108,Filtration,57.09,353,32,80
Lake,2.1,7.66,3.49,9.32,11.21,14.6,516,Chlorination,82.69,273,29,97
Well,2.9,7.54,2.99,4.64,29.4,12.47,849,Chlorination,84.36,383,25,73
Spring,7.87,7.56,2.44,6.84,40.97,14.54,1901,Boiling,93.75,207,33,10
Spring,1.59,6.74,3.33,7.95,42.87,15.84,907,Filtration,75.68,274,21,27
River,0.44,7.04,1.86,4.9,40.01,8.82,315,None,63.26,494,29,90
Tap,3.94,8,4.72,9.57,44.41,10.4,3243,Chlorination,56.44,216,34,81
Tap,4.16,6.77,3.53,7.66,16.74,19.73,1507,None,59.34,413,24,93
Pond,4.51,7.18,3.77,3.33,25.38,19.36,4122,None,89.53,495,27,76
River,8.27,6.05,1.21,3.95,38.98,8.3,1518,Filtration,98.6,389,32,79
Pond,0.98,7.83,0.84,4.34,13.22,13.7,4150,None,33.63,26,22,1
Pond,7.04,7.04,1.97,4.71,18.58,5.35,1934,Chlorination,70.62,14,25,19
Spring,3.38,7.31,3.83,8.11,41.56,3.05,4344,Chlorination,66.4,158,8,75
Pond,3.1,6.29,4.69,3.62,38.5,15.37,1801,Boiling,56.33,427,7,92
Pond,9.33,8.48,2.14,5.45,48.56,8.72,2622,Filtration,89.61,213,36,71
Spring,2.48,6.76,3.87,9.38,49.8,3.54,856,Filtration,70.3,459,32,37
Tap,6.43,7.59,2.35,6.9,12.04,15.18,1876,None,51.92,393,14,55
Well,2.75,7.45,1.48,4.86,45.02,18.3,1525,Chlorination,61.09,404,48,83
Lake,5.07,7.96,3.7,9.7,4.73,18.67,1416,Chlorination,54.98,430,46,98
Pond,7.86,6.73,3.99,4.71,35.49,11.93,3479,Boiling,60.11,438,7,38
Well,8.82,7.89,1.01,9.34,11,9.59,3871,None,34.99,378,20,30
Spring,8.39,6.96,1.53,8.08,15.02,2.84,1794,Chlorination,37.83,350,2,79
Well,5.82,7.03,2.47,8.18,47.32,15.86,3065,Filtration,73.66,163,8,22
Lake,2.49,7.68,0.93,8.35,13.16,18.91,2720,Boiling,77.88,126,13,33
Well,6.61,7.96,4.64,6.55,33.66,17.79,4204,Filtration,74.56,329,37,95
Well,7.1,7.67,2.96,8.7,8.91,15.04,3676,Boiling,83.42,57,26,16
Well,0.11,8.25,0.61,8.85,4.67,0.09,352,Filtration,96.05,146,19,23
Well,4.39,6.71,0.92,5.52,16.97,8.16,3231,None,90.24,470,3,34
River,8.43,8.25,4.77,5.8,31.21,8.21,1427,Chlorination,59.3,447,23,22
Pond,4.9,6.33,3.69,9.22,12.4,17.89,2192,Filtration,45.23,255,26,7
Spring,3.11,7.65,3.67,6.67,15.01,1.31,1777,None,51.83,109,11,53
Lake,8.72,7.37,0.36,9.07,35.44,10.62,3536,Filtration,71.14,393,27,86
Spring,1.56,7.24,4.48,7.39,5.14,2.72,1116,None,89.93,48,34,20
River,2.06,6.78,2.22,7.15,22.35,13.25,2320,Boiling,79.12,181,23,18
River,6.87,7.26,3.3,3.22,47.09,15.85,533,None,68.01,60,30,30
River,3.52,6.4,4.8,4.95,19.85,12.84,1217,Filtration,72.13,442,2,49
Pond,7.13,6.92,0.5,6.51,21.71,15.89,2988,Chlorination,66.98,474,29,70
River,1.58,6.25,2.41,7.11,36.91,12.15,2228,Boiling,98.01,234,26,23
Well,2.52,7.43,0.25,7.41,38.95,3.8,1979,Boiling,87.13,241,16,45
Spring,1.57,6.24,2.5,8.01,38.48,7.65,2076,None,84.69,129,5,7
Tap,9.53,6.4,1.26,7.59,49.89,19.14,531,Filtration,66.21,330,46,76
Lake,4.05,6.21,4.56,8.94,3.57,5.76,3076,None,53.23,263,42,2
River,3.37,6.95,1.99,5.07,49.11,1.26,1944,Boiling,31.37,402,17,33
Spring,0.14,8.1,3.17,7.49,47.51,7.7,4235,Chlorination,33.04,207,34,76
River,1.53,8.27,4.3,3.36,42.61,7.33,3099,None,32.12,451,26,56
Pond,4.21,6.18,4.92,6.36,22.71,9.41,4357,Filtration,98.63,141,16,57
River,0.69,7.59,2.52,4.88,43.55,11.21,3829,None,38.01,21,10,95
River,5.11,7.71,2.28,5.67,11.04,19.85,4114,None,39.95,16,37,34
River,4.55,7.33,0.38,5.48,39.58,15.12,2584,None,63.89,362,36,20
River,7.67,7.67,0.06,3.42,9.26,0.72,1548,Chlorination,63.7,318,41,64
Lake,6.6,6.58,3.04,6.27,40.77,14.25,1488,Filtration,94.4,121,33,65
Spring,4.46,7.22,0.33,9.96,30.73,16.48,3659,Filtration,35.15,281,46,56
Pond,2.25,6.98,1.9,5.09,4.9,17.91,227,Boiling,97.01,226,31,41
River,7.27,6.22,0.02,8.15,44.77,8.48,4471,Boiling,45.15,419,42,42
River,7.08,7.56,3.08,6.83,28.9,6.27,4831,None,97.91,372,45,25
River,1.53,7.24,2.13,5.28,32.81,16.79,4352,Boiling,67.89,300,45,66
River,9.15,6.69,0.64,3.63,14.18,15.55,4928,Filtration,75.64,496,34,87
Well,0.64,7.18,1.48,4.51,43.58,10.72,4796,None,52.1,285,27,25
Well,0.55,7.94,2.85,8.47,27.26,2.36,698,Boiling,72.83,115,21,7
Tap,1.87,8,3.28,4.95,21.06,13.04,437,Chlorination,79.76,148,15,46
River,9.09,7.62,2.31,4.01,26.71,1.31,1684,Boiling,30.73,403,45,36
Tap,5.2,7.17,4.02,5.32,35.17,2.01,2153,Chlorination,32.4,169,41,71
Lake,7.88,7.44,0.56,7.09,34.75,6.62,4710,Boiling,99.05,89,39,81
Tap,2.28,6.96,0.42,7.92,17.88,7.42,2914,Filtration,62.03,118,11,17
Spring,4.9,6.32,0.22,5.71,19.26,9.24,3217,Boiling,95.51,183,4,75
Well,3.58,6.96,2.68,6.49,28.11,6.78,959,Chlorination,81.09,395,25,35
Well,8.28,7.33,3.53,6.18,46.22,0.68,1839,Chlorination,56.11,263,25,1
River,0.23,7.5,0.65,3.06,37.27,3.15,277,Boiling,40.56,226,12,83
River,2.44,8.34,3.19,5.77,19.52,2.3,4220,None,98.47,92,23,2
Lake,1.53,7.94,2.38,7.11,16.85,8.62,3756,Chlorination,70.91,116,43,33
Pond,8.59,6.38,4.94,6.99,26.18,4.24,1343,Filtration,43.46,489,2,45
Lake,4.68,6.44,3.59,8.25,43.5,5.87,4770,Boiling,77.72,446,31,61
Spring,4.04,6.25,3.29,7.69,0.43,9.43,714,Chlorination,36.44,311,22,69
River,4.49,7.85,2.85,4.94,35.52,4.71,1505,Boiling,90.76,390,48,56
River,9.72,7.77,4.99,4.79,14.73,4.92,3921,Boiling,36.31,317,36,9
Lake,8.5,8.47,4.9,6.25,10.42,16.66,2714,None,46.53,120,37,87
Lake,7.06,7.31,2.69,8.13,0.61,10.96,1347,Boiling,36.4,316,44,17
Lake,2.9,8.07,2.28,3.66,44.83,17.14,2442,Boiling,37.27,137,37,32
Well,1.65,7.44,2.31,9.64,45.61,10.29,4868,Boiling,66.67,230,12,6
Tap,9.21,8.19,2.14,6.8,3.07,18.19,3960,Filtration,78.09,305,14,44
Tap,4.23,7.8,2.66,5.14,26.09,5.09,1752,Boiling,85.19,147,1,28
River,2.79,7.61,1.37,7.85,7.63,12.33,2505,Filtration,78.65,283,10,82
Well,4.71,7.41,4.63,3.31,37.93,10.06,1737,Boiling,55.44,141,15,37
Lake,9.18,7.81,2.45,6.39,33.27,18.37,4169,None,69.01,331,17,38
River,3.87,7.05,4.21,6.4,14.86,8.37,1108,None,94.94,7,33,24
Well,5.63,6.24,2.38,4.13,5.85,17.1,2679,Chlorination,57.13,390,9,16
Spring,8.03,6.1,3.59,8.86,41.56,11.28,1037,Boiling,47.67,4,12,60
Pond,4.27,7.2,1.68,8.58,33.71,14.17,911,None,66.35,256,31,50
Well,2.34,7.5,3.12,4.07,0.34,17.74,4889,None,50.81,366,7,36
River,9.95,6.2,2.49,5.55,31.39,19.94,2096,Boiling,48.33,328,6,66
Tap,9.57,6.72,1.84,3.7,40.51,14.62,3013,Chlorination,84.52,491,47,23
Lake,8.43,6.81,4.41,8.94,29.54,6.29,358,Filtration,92.36,245,16,81
Pond,6.88,7.41,0.56,5.26,21.24,5.98,1076,None,65.16,465,40,48
Spring,2.95,6.7,2.43,6.08,29.2,6.18,2103,None,84.58,234,26,89
Pond,9.13,6.24,0.97,5.27,30.99,1.96,4974,Filtration,43.1,361,7,20
Pond,2.76,6.41,4.31,5.17,32,1.07,3527,None,68.34,9,28,74
Well,8.01,6.43,1.27,8.23,48.35,11.62,2302,Filtration,74.53,241,36,56
River,9.18,8.11,3.17,8.23,8.93,16.21,4100,Filtration,64.35,441,26,40
River,6.03,6.71,0.83,6.62,31.15,0.72,1604,Chlorination,38.18,320,36,16
Pond,8.03,7.79,2.02,7.6,9.4,11.33,1075,Filtration,81.39,187,23,20
Lake,7.92,7.42,4.5,6.58,10.5,7.44,4048,Filtration,88.74,403,44,67
River,1.93,8.44,0.83,3.2,33.46,17.85,328,Filtration,74.47,313,15,95
Pond,6.68,6.68,3.32,3.46,45.8,2.91,3232,Filtration,41.84,426,25,81
River,0.93,6.4,1.02,5.69,7.95,11.27,3477,None,35.22,412,30,63
Lake,5.08,6.13,2.08,8.25,48.12,19.42,1002,Filtration,51.11,1,26,43
Spring,1.62,6.6,2.7,9.39,15.97,6.9,4878,None,32.59,153,25,27
Pond,4.16,7.71,2.89,3.21,19.57,14.84,576,Boiling,88.75,202,42,35
Tap,8.33,6.21,3.01,5.58,7.68,17.65,326,Boiling,79.21,216,14,36
Tap,9.87,6.61,3.2,4.57,30.79,3.72,1527,Filtration,69.46,481,48,43
Pond,3.18,8.14,1.36,8.71,29.82,19.85,2821,Chlorination,92.27,314,14,49
Well,5.32,7.46,2.01,8.92,22.11,16.19,1465,Chlorination,37.71,104,22,89
Spring,5.11,6.17,0.19,4.44,23.8,2.75,3225,None,80.01,0,24,54
Well,9.54,6.12,3.84,7.98,31.15,6.22,2281,None,40.26,253,43,87
Tap,4.79,6.15,4.19,8.12,29.17,12.5,4747,Boiling,34.26,286,3,9
Lake,6.99,8.35,1,4.24,18.71,17.7,2380,None,39.3,293,35,37
Pond,9.22,8.12,1.01,6.04,44.21,3.9,494,Chlorination,96.57,277,15,48
River,3.73,8.11,0.21,7.34,33.38,14.62,1138,Boiling,60.83,193,46,71
Tap,9.02,8.31,4.85,3.18,10.27,5.41,2416,Filtration,33.43,430,39,1
Spring,9.17,7.26,4.04,5.83,16,16.11,1356,None,70.85,256,20,43
Tap,9.31,6.62,1.8,4.08,39.39,13.67,1153,Filtration,43.98,249,39,34
Spring,2.7,7,2.41,6.79,5.23,10.46,3249,None,30.48,247,42,20
Spring,4,7.8,1.46,8.9,37.51,13,2142,Chlorination,83.09,87,16,56
Pond,8.7,8.19,2.99,6.67,17.94,17.53,3388,None,40.84,433,2,90
Spring,3.59,7.09,3.59,3.25,27.58,7.73,1124,Chlorination,95.97,419,6,22
Well,6,7.34,2.24,3.21,14.03,15.39,801,Chlorination,71.5,252,11,31
Lake,1.18,8.33,4.37,7.24,49.32,3.18,2042,Filtration,36.09,428,0,89
Tap,0.56,6.27,2.59,5.3,45.29,14.02,207,None,45.25,163,42,70
Lake,4.12,8.16,0.72,7.01,46.42,15.01,2654,Filtration,72.76,494,36,32
River,5.79,6.4,3.11,4.15,9.24,8.86,472,Chlorination,53.67,161,5,16
Tap,3.93,7.21,2.31,8.44,42.08,15.87,1638,Chlorination,67.25,264,45,71
Lake,5.78,6.55,4.68,9.03,26.77,11.14,135,Chlorination,85.97,459,48,41
Lake,5.15,7.51,1.96,9.22,35.39,18.73,4356,Chlorination,85.48,109,22,16
Pond,6.86,7.4,2.01,5.13,10.88,2.25,1170,Boiling,78.86,339,24,47
Pond,6.5,6.95,3.25,7.63,35.6,2.62,457,Chlorination,92.02,387,24,47
River,4.24,8.16,2.63,4.95,45.71,16.85,1436,None,43.96,206,2,81
Spring,4.25,7.65,1.87,8.34,13.37,16.85,3571,Chlorination,42.41,318,3,99
Tap,1.41,7.8,4.95,3.84,11.67,9.42,2148,Boiling,85.95,131,29,56
Pond,5.13,6.38,1.51,8.34,5.22,19.28,4242,None,52.46,132,32,60
Tap,5.87,8.21,1.39,6.08,13.34,13.59,4812,Boiling,65.85,393,28,43
River,4.76,6.42,4.32,8.99,26.79,19.66,506,Boiling,82.08,107,3,22
Pond,3.26,6.56,0.02,8.17,41.64,10.65,2605,None,57.72,171,13,75
Pond,7.22,6.32,1.01,5.64,13.94,4.03,2383,Boiling,39.11,39,20,86
Spring,0.75,7.1,2.95,9.32,31.06,8.89,445,Chlorination,77.56,291,6,52
Tap,9.14,8.22,0.81,4.98,23.98,19.61,2781,Filtration,87.2,34,20,32
Tap,0.21,6.63,4.93,9.77,14.43,7.41,443,Filtration,30.9,58,6,55
Tap,9.62,6.93,2.32,8.37,25.52,19.14,117,Filtration,69.38,192,0,27
Spring,4.62,8.12,2.99,9.93,8.4,15.94,1540,None,62.86,209,33,22
Pond,4.13,7.54,0.8,3.38,31.98,8.84,2770,None,48.17,371,22,62
River,2.56,7.88,1.45,4.92,5.78,10.84,566,None,41.27,30,2,6
Tap,0.1,6.54,3.07,8.19,36.55,12.15,3602,Filtration,43.16,173,17,1
Lake,2.75,7.79,2.75,9.46,8.89,13.32,1936,Filtration,80.75,304,42,64
Spring,1.09,6.57,3.92,3.2,49.91,1.53,4183,None,67.53,389,11,3
Well,6.6,8.47,1.35,3,41.18,18.67,1652,Filtration,98.68,197,13,7
River,3.19,7.4,3.27,4.79,17.19,11.94,4571,Boiling,47.03,105,40,48
Lake,7.67,7.74,1.45,8.97,21.31,18.62,4390,Boiling,96.98,274,27,28
Tap,2.07,6.3,2.93,8.37,12.96,12.64,4815,Filtration,66.06,95,41,81
Well,9,6.63,3.03,5.38,38.36,8.62,4781,None,40.22,169,44,54
River,5.23,6.35,0.61,3.01,19.04,11.34,2686,Chlorination,40.37,29,23,36
Spring,1.15,6.98,2.74,6.88,37.76,16.59,1203,Chlorination,72.6,281,23,94
Well,4.01,6.71,0.06,4.67,0.92,6.52,2937,Filtration,88.2,386,2,5
Pond,2.07,7.83,2.51,8.22,6.78,19.13,405,Chlorination,82.34,160,8,23
Well,2,6.27,3.49,6.12,18.25,9.32,3907,None,75.89,305,23,78
Lake,5.06,7.88,0.36,7.75,5.45,19.12,4214,Boiling,42.05,414,1,39
River,6.72,6.11,4.69,8.97,30.06,17.62,4079,Boiling,37.58,110,39,11
Lake,9.12,6.51,2.29,6.75,2.54,15.35,312,None,30.02,211,27,63
Lake,5.02,7.98,4.69,5.35,42.99,9.35,162,Chlorination,37.13,195,6,45
Tap,9.66,7.86,0.54,8.39,38.07,11.74,1528,Filtration,83.65,95,8,13
Spring,9.42,7.19,4.75,4.86,10.81,16.76,4388,Boiling,92.67,337,44,26
Well,8.65,6.12,0.55,9.24,24.19,10.88,4785,Chlorination,46.82,137,38,36
River,5,7.52,2.31,3.5,22.59,14.76,1565,Chlorination,85.64,277,38,76
Pond,1.41,7.02,4.69,8.85,36.24,15.81,4768,Boiling,43.92,446,32,61
Spring,2.18,6.79,1.16,3.64,20.08,10.26,398,Boiling,47.45,309,33,66
Spring,6.48,7.6,0.17,3.39,1.65,10.72,3586,Filtration,45.69,178,20,79
River,4.22,7.09,3.97,5.54,13.69,3.96,1047,None,33.62,336,28,75
Spring,1.47,6.23,2.98,9.7,23.31,4.89,1942,Chlorination,43.58,233,26,13
Tap,4.79,8.29,2.57,9.88,48.72,18.1,3130,Filtration,56.15,248,16,97
Spring,0.17,7.95,0.17,4.41,44.06,16.81,2796,Boiling,58.38,131,41,94
Tap,7.34,6.14,3.27,4.04,9.07,0.2,239,None,51.66,248,46,38
Well,0.74,7.31,0.86,5.47,36.16,17.39,2358,None,66.03,292,47,4
Well,6.29,6.21,4.66,5.36,46.84,0.5,671,Chlorination,56.46,454,22,75
Lake,7.93,8.09,3.43,8.32,0.44,9.17,2619,None,97.93,498,44,25
Tap,1.33,7.53,3.54,6.11,36.05,1.35,2461,Boiling,86.51,62,20,80
Pond,5.19,6.43,1.16,8.46,22.97,19.38,3393,Boiling,95.17,306,7,52
Well,7.79,6.05,4.4,8.24,34.01,19.45,401,Boiling,69.02,391,8,62
Spring,2.61,6.08,2.69,7.05,30.28,12.22,2106,Filtration,77.48,256,32,10
River,1.63,7.27,4.29,8.83,49.23,7.84,4148,Boiling,41.67,247,3,32
River,3.37,7.84,1.35,4.37,14.44,10.24,1087,Filtration,82.7,263,17,40
Tap,5.55,6.3,3.78,4.13,39.31,15.25,1142,Boiling,46.52,466,31,39
Pond,5.75,6.55,2.87,8.25,11.73,4.46,4381,Boiling,40.21,336,29,45
Lake,1.31,6.82,0.24,4.71,21.78,8.83,2065,None,32.93,360,24,3
Spring,4.58,6.55,2.03,3.02,48.77,14.75,3908,Chlorination,63.06,499,32,95
Tap,2.68,6.98,0.92,9.38,38.31,7.91,4255,Boiling,50.08,438,34,94
River,8.42,7.4,1.8,7.36,15.79,0.64,3959,None,99.07,367,41,10
Tap,3.14,7.71,1.92,6.11,30.97,10.15,141,None,47.49,392,33,80
Spring,8.39,8.41,2.37,8.08,2.48,14.75,396,Chlorination,90.66,178,49,26
Pond,4.29,8.33,3,5.33,13.32,19.54,2627,None,52.15,399,1,7
Pond,7.27,7.43,2.85,9.68,35.92,0.74,4629,None,82.44,436,12,20
Well,5.1,7.84,0.19,3.48,28.5,10.8,1555,Chlorination,76.19,314,40,96
Spring,6.22,8.38,3.75,7.49,23.48,9,2508,Filtration,69.32,300,22,4
Well,3.95,6.21,4.75,8.44,34.54,4.85,4381,Chlorination,59.18,498,22,61
Well,7.68,6.01,1.74,6.28,19.92,12.76,1028,Chlorination,76.98,164,30,31
Well,4.25,6.07,0.9,8.28,1.31,3.27,2176,Boiling,58.51,90,1,88
Tap,4.57,7.41,2.7,9.49,22.05,5.68,670,Boiling,68.37,321,1,57
River,5.18,7.91,3.52,8.21,45.11,15.64,4594,Filtration,71.29,191,4,71
Pond,8.32,6.92,3.39,5.17,42.83,9.21,1855,Chlorination,48.71,291,13,26
Tap,6.59,7.36,3.06,6.93,20.45,19.87,3429,Chlorination,53.78,75,22,25
River,3.49,7.29,0.73,9.38,1.11,7.73,2078,Filtration,31.26,305,34,39
Pond,6.7,6.24,4.18,6.14,31.82,9.27,2006,Boiling,89.65,98,45,28
Spring,6.42,6.8,2.13,7.77,37.06,6.01,1688,Chlorination,82.92,94,0,72
Pond,9.31,6.05,1.11,6.26,14.71,4.73,4431,Filtration,42.85,180,40,81
Pond,8.41,6.28,0.43,3.85,23.83,18.45,569,Boiling,55.34,440,47,6
Pond,6.47,8.03,2.08,3.41,49.59,14.98,4694,None,59.47,402,48,20
Lake,3.42,8.07,3.09,9.67,28.82,6.67,1146,Filtration,53.41,153,39,79
Spring,7.8,8,3.33,7.29,17.55,14,3774,Filtration,85.88,373,14,66
Tap,5.75,7.82,4.81,3.73,31.37,19.32,864,Chlorination,80.78,355,29,95
Tap,9.85,7.98,0.77,9,9,1.48,4900,None,83.7,323,20,9
River,2.48,7.68,4.93,6.66,9.96,5.29,4409,Boiling,93.29,111,7,61
Tap,0.8,7.67,3.27,8.4,46.25,4.01,27,None,71.66,170,6,95
Well,0.7,7.67,2.27,3.89,11.96,17.4,1029,Chlorination,73.02,252,40,7
Pond,6.4,7.29,4.44,9.35,15.54,3.58,1996,Chlorination,80.54,382,33,95
Tap,9.39,6.91,3.47,7.13,27.19,6.16,1341,Boiling,77.69,350,41,3
River,0.02,7.83,1.74,8.17,44.98,10.88,1248,Boiling,90.89,121,36,28
River,7.26,6.75,4.42,3.22,39.07,12.42,2136,Boiling,83.91,441,47,11
Well,6.57,7.36,3.33,5.21,2.19,16.16,2087,Chlorination,38.43,204,31,99
River,7.32,7.08,3.49,4.87,34.65,8.15,680,Boiling,94.99,244,32,50
Lake,3.55,6.69,4.48,9.65,25.2,10.68,374,Boiling,77.82,126,5,18
Pond,8.2,8.44,2.24,4.3,23.78,19.31,3369,Boiling,38.9,490,41,30
Pond,0.45,6.65,3.28,7.95,34.58,5.95,3045,Filtration,84.04,358,9,25
Pond,7.55,6.77,3.72,3.3,9.81,4.96,2337,Boiling,55.09,314,25,5
Spring,2.67,6.4,2.27,4.38,49.07,14.21,805,Chlorination,86.42,45,44,28
Tap,4.77,8.06,0.42,5.37,32.27,15.42,3039,Filtration,96.88,451,25,16
Lake,8.23,7.47,3.86,8.56,18.28,8.3,278,Chlorination,47.87,295,18,19
Tap,2.71,7.53,0.24,8.53,30.01,4.26,1405,None,90.02,235,34,41
Lake,1.85,8.05,3.59,9.67,10.82,15.58,787,Filtration,84.15,140,44,46
Tap,6.81,6.86,4.55,9.42,31.69,13.41,1332,Boiling,76.98,120,3,73
Well,5.33,6.48,1.73,3.57,1.41,17.52,4372,Filtration,56.94,360,24,69
River,5.14,6.5,0.51,8.81,17.06,16.89,3147,Chlorination,37.69,8,7,95
River,2.57,7.83,1.16,6.16,37.38,4.1,2345,Filtration,63.87,65,11,1
Well,0.35,7.54,2.81,9.06,40.4,16.65,3449,None,37.4,482,23,73
Lake,4.1,6.52,4.71,3.63,12.65,3.5,432,Boiling,65.01,308,23,36
Spring,1.07,6.36,2.56,8.76,26.97,17.27,1009,Boiling,87.42,459,16,90
Lake,9.06,6.3,0.56,4.12,26.42,15.41,3849,None,99.83,80,24,18
River,0.41,7.57,3.14,5.34,21.07,11.4,316,Chlorination,43.86,259,32,40
Spring,4.32,6,3.66,3.2,11.42,12.84,4216,Filtration,44.55,381,26,15
Tap,0.52,6.05,1.97,3.87,35.16,2.08,1365,Chlorination,86.76,397,1,83
Spring,0.96,6.97,3.61,6.12,12.62,0.8,4399,Chlorination,62.83,468,8,59
Lake,6.59,7.73,1.62,8.73,45.55,6.61,935,Chlorination,94.11,104,32,56
Well,6.47,7.74,3.95,8.42,26.43,16.43,3518,Boiling,83.83,391,18,99
Tap,0.33,7.08,1.71,4.65,43.52,9.32,3787,Filtration,81.55,96,48,63
Lake,0.01,7.73,1.28,4.06,14.54,4.47,2768,Boiling,37.14,189,4,4
Tap,0.79,7.3,4.4,5.72,40.35,16.69,495,Boiling,32.51,428,46,17
Spring,7.63,8.44,2.74,9.18,5.68,4.57,3592,Boiling,52.17,347,19,71
River,5.85,6.41,1.43,3.64,38.34,16.31,2232,Filtration,45.21,194,23,12
Lake,0.38,7.5,4.68,6.8,19.35,9.06,4018,None,79.86,445,30,73
Well,4.88,7.23,3.45,3.62,23.5,9.27,2935,Boiling,61.55,333,43,35
Spring,7.12,6.49,1.1,6.29,8.34,5.45,4808,Boiling,66.62,82,3,18
Lake,8.69,7.87,3.07,3.89,0.93,18,4445,Boiling,86.96,250,31,30
Well,9.34,6.69,4.35,3.56,33.31,1.78,2367,Filtration,63.5,69,46,99
Lake,3.27,6.95,3.48,4.34,29.39,2.89,2584,Filtration,68.14,291,34,92
Spring,1.36,6.94,1.22,4.79,31.12,12.72,905,Chlorination,88.96,339,13,22
Lake,2.37,6.61,3.24,4.93,12.75,17,3227,Boiling,60.19,384,35,31
Tap,7.76,7.08,3.1,7.52,11.96,1.91,1827,Boiling,35.82,187,5,10
Spring,9.71,7.18,4.1,3.38,41.51,14.68,3722,Filtration,66.52,457,16,65
Lake,4.66,7.86,0.89,3.57,38.06,14.85,2580,Filtration,70.56,140,17,95
River,3.05,7.91,3.5,4.32,16.84,11.63,4597,Boiling,65.83,139,7,4
Lake,4.29,6.4,0.14,9.1,31.89,9.73,1515,None,48.06,74,11,94
Tap,3.05,7.48,3.48,7.4,41.41,6.42,4622,Chlorination,45.66,99,16,12
Well,2.56,8.24,4.8,8.11,44.44,7.03,4806,Chlorination,55.88,144,30,85
Well,5.94,6.27,0.87,5.59,0.29,13.49,3003,Boiling,41.64,174,0,63
Well,0.16,7.18,1.56,4.49,40.67,1.31,111,Chlorination,76.62,308,10,34
River,2.6,7.88,2.91,3.27,17.52,11.7,1672,Chlorination,73.03,220,41,82
Tap,6.61,7.53,3.66,6.42,35.92,5.57,2302,Boiling,74.27,322,15,28
Spring,0.32,6.25,1.72,7.02,18.57,9.33,1650,Chlorination,45.74,476,36,22
Well,0.83,6.99,3.32,9.28,30.31,11.18,4395,Filtration,47.26,9,48,82
Tap,2.93,7.27,4.5,9.17,32.34,17.71,2474,Boiling,85.12,45,27,79
Lake,8.78,8.49,3.63,5.97,20.25,11.58,3995,Filtration,78.31,338,8,94
River,7.65,6.45,3.56,5.97,25.64,4.54,1890,Boiling,91.26,116,7,15
Tap,0.22,8.46,1.91,4.13,36.32,1.59,306,Filtration,58.25,3,24,25
Tap,5.02,6.94,4.56,4.8,23.82,12.54,120,Chlorination,68.31,312,9,2
Spring,2.75,6.5,1.39,9.48,0.7,10.9,3101,None,81.71,237,39,22
Tap,6.49,7.04,1.03,3.99,0.65,13.44,1277,Filtration,98.19,293,2,56
Spring,7.22,7.53,1.82,9.78,33.07,9.19,1427,Filtration,99.27,395,22,8
River,8.63,6.53,3.25,6.53,42.36,16.5,3102,None,99.94,30,22,50
River,4.75,6.73,4.31,6.2,39.26,18.4,1185,None,92.34,129,43,87
Lake,9.94,8.14,0.66,4.22,15.52,0.8,1455,Filtration,74.78,240,3,32
Spring,9.8,8.5,4.07,7.63,23.56,14.88,1179,Filtration,30.49,384,49,77
Spring,8.82,6.8,4.06,6.22,11.71,0.7,1346,Filtration,78.97,80,22,91
Well,5.75,6.37,2.93,5.59,49.46,8.9,628,Boiling,46.7,24,8,23
Well,3.98,7.98,3.8,4.85,13.03,9.23,1214,Filtration,34,260,3,49
Lake,3.64,7.5,0.91,3.47,20.81,13.92,1961,Filtration,78.8,47,33,51
River,0.12,6.25,0.85,6.64,34.06,7.05,2995,None,82.92,397,38,70
Pond,2.49,8.37,4.31,5.19,43.8,16.42,4612,None,76.16,51,17,37
Well,7.19,6.2,2.49,7.96,2.57,6.86,4940,Boiling,55.56,329,33,43
Tap,6.04,7.56,1.23,8.06,15.05,6.85,1547,Boiling,65.77,148,33,88
River,9.16,7.06,3.44,5.32,28.45,4.46,4915,Chlorination,95.45,408,41,55
Pond,0.5,7.39,4.46,7.68,30.92,13.68,2858,Filtration,81.07,98,2,65
Tap,1.55,6.53,3.16,4.81,3.5,1.53,761,Filtration,65.33,66,18,44
Spring,7.89,7.72,1.74,8.09,33.2,7.26,2366,None,71.54,209,33,51
River,3.59,8.4,2.42,3.11,26.4,5.34,4206,Chlorination,94.94,247,25,0
Lake,1.18,7.15,3.76,4.06,41.38,4.59,1841,Filtration,57.56,118,34,86
Spring,9.96,7.31,0.34,4.72,11.11,1.22,4902,Chlorination,37.13,433,40,81
Spring,7.87,6.6,1.09,8.41,9.75,3.81,1496,Boiling,52.81,227,42,63
Tap,4.09,8.23,2.31,3.46,39.67,8.92,3919,Filtration,59.06,102,30,7
Spring,8.23,8.43,3.02,4.32,35.19,10.07,3088,Filtration,49.11,288,42,97
Well,6.81,7.97,1.7,5.51,39.58,5.39,1243,Boiling,67.03,239,26,42
River,7.9,7.36,1.49,3.06,39.1,13,4582,Filtration,51.34,400,2,7
Well,8.15,8.39,0.21,8.33,5.2,6.72,4906,Boiling,37.22,231,36,28
Tap,0.85,6.38,0.16,6.92,13.93,7.34,2043,Boiling,43.16,453,11,12
Pond,6.23,7.2,1.39,9.3,13,15.65,3376,Chlorination,94.27,289,46,0
Tap,0.07,7.34,2.65,3.22,46.73,11.04,516,None,74.07,153,22,28
River,0.43,7.23,2.78,4.9,24.37,19.06,834,None,52,169,16,49
Spring,9.04,8.01,2.47,8.12,5.55,7.19,623,Boiling,55.68,158,15,36
Lake,5.28,7.68,2.05,7.73,14.48,16.56,1047,Chlorination,64.54,112,16,0
Tap,7.36,6.32,1.26,4.7,43.6,14.77,1564,Boiling,77.12,50,14,68
River,8.39,6.87,2,7.17,42.35,17.8,3982,Chlorination,70.75,475,25,47
Lake,9.5,6.85,0.69,8.56,45.02,19.14,496,Chlorination,95.29,35,44,54
Spring,8.69,7.41,0.58,3.23,19.43,0.15,2429,None,73.8,12,1,65
Pond,4.83,6.73,1.5,8.02,32.07,1.77,2263,None,93.76,340,16,62
Tap,3.36,6.29,4.98,4.76,13.91,13.49,542,Chlorination,30.38,217,0,21
Pond,1.54,7.63,1.63,9.63,9.04,7.8,915,None,92.34,242,29,93
River,4,8.13,4.68,6.77,1.1,16.38,1801,Chlorination,80.5,222,31,10
Pond,3.66,8.33,1.96,3.23,11.17,0.24,3082,Filtration,42.05,207,29,28
Pond,5.6,8.43,2.2,5.82,30.22,16.14,81,Boiling,48.41,478,41,2
River,6.66,7.95,3.99,9.76,45.21,2.7,1179,None,68,268,3,44
River,9.78,6.35,0.47,8.11,6.67,5.8,165,Boiling,38.75,221,41,76
Tap,7.28,8.13,0.91,5.1,45.9,19.38,2255,None,84.98,287,43,2
Pond,6.44,7,4.87,7.03,17.27,1.03,2071,Boiling,85.38,388,31,73
Lake,3.35,7.82,2.53,7.19,21.34,6.98,806,Boiling,51.07,11,34,67
River,0.35,7.33,0.22,3.16,18.25,1.69,2738,None,34.89,486,0,13
Spring,2.88,8.07,0.24,4.25,20.43,17.07,331,None,99.22,186,18,86
Pond,7.68,7.06,4.54,6.86,12.96,14.06,3590,None,47.55,168,32,80
River,2.05,6.15,4.37,5.82,34.93,16.01,1534,None,34.73,292,18,64
Lake,7.12,7.39,2.29,4.33,37.91,10.55,180,Chlorination,53.1,323,35,56
Tap,5.8,6.43,0.82,8.41,41.16,7.15,1316,None,97.83,105,26,14
Pond,1.72,8.41,4.15,6.42,17.06,0.05,1106,None,85.5,175,12,59
River,2.62,7.32,1.62,5.17,38.23,5.56,1589,None,63.62,426,26,53
River,4.96,7.38,2.1,4.13,31.88,10.29,2486,Filtration,51.37,348,45,1
Spring,4.18,8.27,3.41,7.28,47.9,13.29,2590,Boiling,59.63,40,13,81
Spring,7.79,7.56,1.77,7.66,21.24,4.58,2240,None,31.22,311,23,63
Pond,7.34,6.76,3.14,7.69,49.62,2.78,487,None,80.29,324,34,85
River,5.75,6.74,4.43,4.54,37.02,4.03,611,Boiling,36.98,248,18,27
Pond,8.22,7.25,3.99,7.17,38.81,7.08,3420,Boiling,66.33,266,24,93
River,5.63,8.17,1.91,9.34,1.29,2.97,3194,Chlorination,69.61,221,10,76
Spring,9.64,7.99,1.44,5.47,24.87,3.14,1397,Boiling,30.12,392,8,66
Lake,2.17,8.41,1.43,4.48,26.42,0.88,1456,Boiling,98.59,112,5,2
Well,7.14,6.18,1.74,8.41,2.03,17.13,2193,Filtration,51.15,283,35,52
Well,3.7,6.67,2.47,4.24,15.61,4.4,3074,Chlorination,35.41,277,36,25
River,2.79,6.2,2.08,4.78,47.78,16.44,1337,Filtration,89.81,202,28,3
Spring,1.8,7.88,0.67,3.7,21.31,8.77,4422,Boiling,40.64,340,8,15
Tap,5.53,6.35,0.82,4.88,9.34,12.65,2200,None,31.75,261,32,91
Tap,2.15,6.25,1.71,5.87,25.67,1.51,4497,Chlorination,64.63,281,22,71
Well,2,7.4,2.81,3.45,1.69,11.67,2867,Boiling,39.09,143,14,53
Lake,9.91,7.03,2.96,9.1,25.8,5.8,4583,Boiling,98.77,242,10,15
Well,8.02,7.79,2.43,6.6,29.71,1.9,3882,None,30.73,269,22,30
River,7.48,7.22,3.69,7.12,17.88,18.16,2114,None,33.58,34,25,86
Lake,7.94,7.06,3.69,5.6,38.13,12.07,2136,None,88.33,297,0,1
Tap,9.69,7.06,2.14,7.69,6.79,4.83,78,Chlorination,46.78,52,29,72
Spring,5.73,8.18,0.62,6.02,43.91,8.39,377,Filtration,93.81,355,16,90
Spring,2.2,6.99,2.65,8.33,47.77,7.14,164,Chlorination,51.78,149,46,44
River,8.62,6.83,1.91,8.75,0.06,14.01,4844,None,34.88,436,45,53
Well,7.43,6.85,0.69,7.7,42.14,12.15,1720,Chlorination,30.74,449,40,58
River,4.14,6.49,4.91,6.44,25.31,0.4,2984,None,49.78,12,22,58
Spring,4.74,8.15,1.85,8.48,23.07,3.96,154,Filtration,63.16,266,35,21
Tap,4.11,6.37,3.13,6.46,11.93,9.56,1146,Chlorination,30.07,395,40,33
Spring,9.3,8.27,2.45,3.78,22.37,8.91,1063,Filtration,70.68,96,4,72
Lake,3.44,6.71,0.71,3.81,47.52,10.33,2216,Filtration,53.36,85,34,96
Pond,9.63,8.25,0.28,9.64,10.54,14.3,2839,None,57.31,308,49,55
Spring,9.1,7.98,3.13,4.49,8.95,13.64,1463,Chlorination,48.3,264,8,33
Spring,6.31,7.45,1.24,8.71,12.09,7.46,3470,Chlorination,67.03,491,3,98
Pond,5.8,7.67,1.22,4.73,27.59,17.55,1516,Filtration,46.11,70,6,25
Lake,3.7,6.81,4.78,6.02,46.51,1.26,3050,None,39.44,16,0,70
Well,0.18,7.44,2.31,7.58,28.69,11.69,4423,Filtration,92.35,188,15,44
Spring,1.28,6.73,0.15,4.11,12.17,18.99,1526,Filtration,57.34,9,24,90
River,7.54,7.01,1.7,8.16,22.02,10.98,3610,Filtration,35.39,165,5,75
Spring,4.72,7.91,2.92,7.83,19.52,9.1,2392,Filtration,46.12,378,37,80
River,1.5,6.61,1.64,6.8,2.33,2.68,788,Chlorination,51.7,38,13,20
Lake,2.64,8.1,0.13,6.96,25.53,16.2,2548,Boiling,83.88,498,36,42
Spring,9.48,6.94,2.22,3.74,6.3,7.48,4657,Chlorination,31.56,365,10,85
Lake,3.67,7.33,0.53,6.05,42.11,14.02,4608,None,63.48,344,0,89
Lake,9.08,8.35,3.1,3.61,27.45,3.95,515,Boiling,58.54,218,41,38
Well,3.05,7.7,3.1,5.16,42.23,0.84,3062,Filtration,97.79,93,0,12
Spring,5.43,7.61,0.19,9.3,47.8,6.11,4762,Chlorination,42.61,157,35,41
River,0.2,7.78,1.45,7.02,47.16,5.63,1567,Boiling,73.95,362,7,44
River,5.22,8.3,2.07,8.2,5.02,17.47,1448,Filtration,44.15,33,31,86
Spring,6.37,6.62,2.75,7.02,47.24,17.29,966,Chlorination,68.39,288,32,50
Pond,2.34,7.53,1.48,4.36,39.79,10.68,363,Boiling,68.85,415,7,93
Well,5.79,7,1.44,7.16,38.88,0.38,107,Chlorination,35.27,489,13,16
Well,6.47,6.03,4.92,8.29,4.51,4.57,3094,Boiling,61.95,11,23,90
Well,6.87,6.31,0.21,3.97,8.98,12.78,622,None,62.28,232,48,83
River,7.76,6.81,4.95,8.72,48.76,2.03,4416,Chlorination,52.34,86,40,62
Lake,3.11,7.41,0.24,6.89,10.67,14.01,509,Chlorination,49.4,92,28,6
Pond,5.68,8.2,1.44,3.03,8.45,0.24,1064,Boiling,45.7,106,24,54
Well,9.82,7.98,2.47,6.64,18.12,13.65,3865,None,30.42,192,5,3
River,8.98,7.38,0.72,5.77,45.67,16.89,303,Chlorination,30.13,467,0,30
River,9.53,6.18,0.67,5.08,23.81,9.38,968,None,71.29,9,22,93
Lake,3.86,6.71,1.28,8.4,46.03,16.58,1438,None,50.4,124,40,94
Spring,7.87,6.92,4.87,9.3,16.72,15.63,3521,Chlorination,41.75,274,32,55
Spring,6.2,7.55,1.9,8.34,11.33,13.43,3871,Filtration,77.93,278,13,3
Well,0.83,6.16,2.83,8.93,24.76,8.9,3500,Boiling,67.02,127,27,81
Well,8.24,7.33,3.52,9.36,30.77,5.44,2199,Chlorination,94.05,340,28,83
Pond,6.77,8.25,3.71,9.39,19.57,17.22,4354,None,88.17,184,42,39
Lake,1.99,7.76,3.44,3.8,17.3,12.97,3901,Boiling,80.87,362,39,46
Well,0.8,7.99,1.68,6.19,10.9,15.96,2270,Chlorination,38.86,354,22,49
Lake,8.37,7.7,0.56,3,13.75,11.04,229,Boiling,76.63,58,43,22
River,0.79,6.52,1.41,6.55,33.66,3.44,2486,Boiling,78.57,495,37,50
Well,0.91,6.28,1.05,9.47,18.49,19.59,149,None,83.43,479,48,37
River,4.27,8.07,0.68,4.39,3.99,3.65,909,Filtration,48.42,181,42,8
Tap,1.35,7.74,0.12,7.48,6.91,18.22,3528,Filtration,74.82,73,9,60
Lake,9.14,7.44,4.68,7.51,18.62,4.16,977,Boiling,73.28,1,26,79
Tap,4.7,6.47,4.61,4.12,46.23,7.47,634,None,56.97,242,7,20
Well,5.69,7.51,0.25,4.67,18.95,8.8,4717,None,76.45,227,43,8
River,9.28,6.08,0.87,6.23,3.03,18.43,2190,Chlorination,36.07,47,3,24
Well,5.3,6.3,0.7,4.32,20.9,17.76,4149,Boiling,75.05,5,20,35
Tap,3.54,6.78,1.41,7.09,33.44,16.46,4939,Chlorination,72.42,42,20,42
Well,7.97,7.11,1.02,6.39,29.68,7.53,3474,None,44.74,144,29,77
Pond,4.43,6.3,4.73,6.63,13.94,0.09,3780,Boiling,87.27,126,12,80
Spring,3.18,6.3,0.42,3.94,34.4,13.63,1865,Filtration,91.21,334,2,27
Tap,7.23,7.81,1.06,6.62,31.53,8.22,298,Filtration,44.73,245,19,63
Well,8.02,7.42,0.4,3.35,8.61,15.14,2739,Chlorination,35.32,419,35,44
River,7.92,7.33,4.9,9.17,8.11,15.9,3725,Boiling,72.25,407,39,55
Well,9.78,7.13,4.59,5.4,27.36,8.79,3391,None,63.59,120,4,47
River,7.87,8.44,3.58,8.99,32.97,14.96,4540,Chlorination,59.93,231,21,7
Spring,7.7,6.12,2.13,7.91,48.1,16.8,97,Filtration,83.27,375,1,13
Well,8.57,6.45,0.95,8.36,21.1,18.57,3197,None,97.88,188,24,14
Spring,0,7.62,1.11,5.2,38.25,11.65,2105,Boiling,63.44,284,39,38
Tap,3.62,6.34,2.22,4.59,5.83,15.57,4272,Filtration,30.43,241,23,24
River,7.38,7.47,3.84,5.85,44.48,9.89,4814,None,71.74,77,4,62
Pond,6,7.42,1.32,3.17,31.66,0.83,3522,Filtration,75.78,57,15,58
Tap,1.78,8.43,1.55,9.43,31.45,3.1,4418,Boiling,87.96,449,14,74
River,3.04,8.21,3,5.71,7.12,2.56,845,Chlorination,43.96,495,12,28
Spring,3.37,8.36,1.19,9.92,1.98,3.44,4185,None,66.7,469,10,2
Lake,5.68,6.28,2.92,8.33,35.07,0.2,4226,None,61.3,494,15,38
Well,8.32,8.17,1.94,3.56,5.85,17.17,3881,Boiling,76.51,180,17,21
Spring,9.32,6.32,0.17,7.62,6.35,11.2,1052,Filtration,34.48,69,24,40
River,7.5,7.58,2.01,4.9,9.38,7.66,3848,Filtration,91.88,264,46,19
River,8.43,7.8,4.6,4.71,4.89,8.2,3615,Filtration,65.78,203,37,18
River,4.7,6.4,1.47,4.8,31.27,9.27,3157,None,91.39,169,39,12
River,3.9,7.58,1.61,9.41,21.1,1.48,2105,None,53.82,294,3,90
Well,3.93,6.13,0.33,6.5,13.3,5.49,993,Filtration,75.75,452,47,18
Tap,6.16,6.73,3.08,7.69,22.04,17.03,3096,None,96.97,377,20,79
Pond,1.24,8.3,4.25,4.97,42.21,14.87,189,Chlorination,96.04,246,10,65
Lake,5.79,6.43,1.76,6.66,46.35,11.27,2123,Boiling,96.09,423,33,64
Well,6.65,6.16,1.2,5.45,24.37,9.61,2418,Boiling,33.01,58,29,2
River,4.39,7.11,4.78,5.25,28.34,5.18,4994,None,58.21,299,3,23
Well,9.53,8.13,3.73,4.73,12.86,9.43,2898,Chlorination,34.25,320,13,37
Spring,6.08,6.19,2.84,5.86,25.68,11.96,4601,Chlorination,51.66,457,10,1
Pond,2.2,6.89,1.53,7.62,37.41,14.25,1966,Filtration,42.22,10,3,55
River,4.79,8.25,1.1,4.55,24.61,3.33,4278,Boiling,73.41,346,25,79
Lake,6.75,6.3,3.58,9.76,15.1,16.26,4249,Boiling,84.65,470,2,92
River,3.24,6.78,2.61,3.87,29.1,6.92,3411,Boiling,65.93,339,36,36
Pond,0.8,7.95,2.6,6.36,47.33,10.07,3946,None,85.68,4,37,3
Lake,5.83,7.36,0.37,3.6,44.4,12.16,1046,Chlorination,30.9,204,40,77
Pond,9.48,8.08,2.56,3.16,38.46,9.76,2573,Filtration,87.43,369,3,80
Lake,4.85,6.28,4.11,9.46,13.81,11.44,605,None,42.49,457,25,43
Tap,9.06,8.3,4.73,8.67,12.08,2.23,1366,Filtration,62.27,244,38,44
Tap,8.35,8.34,0.53,7.86,41.93,8.64,2926,None,60.98,248,44,80
Well,1.47,6.39,3.16,9.06,9.07,5.61,1958,Boiling,91.12,432,41,83
Well,7.08,6.08,2.84,8.62,30.28,1.72,1064,Filtration,97.62,434,43,46
Lake,4.35,8.47,4.45,7.53,21.95,3.83,517,Chlorination,47.86,419,41,92
River,2.5,7.21,3.76,8.93,23.4,12.05,2454,Chlorination,34.72,104,10,25
Spring,6.87,7.43,4.83,5.74,22.73,3.93,4233,None,75.54,241,10,80
Spring,7.43,7.54,4.8,6.87,45,3.62,3807,Boiling,65.2,271,37,75
River,1.8,7.97,1.13,8.43,4.35,11.06,2589,None,69.6,6,37,91
River,9.14,8.03,3.63,3.59,39.15,18.09,2272,Filtration,33.24,223,19,8
Tap,7.51,6.48,2.65,9.01,41.75,15.77,2308,Chlorination,84.27,216,25,95
Spring,9.33,6.59,1.07,4.1,47.14,18.1,1102,Chlorination,46.26,43,37,97
Lake,3.17,8.19,0.97,9.05,22.63,11.66,4792,Chlorination,53.45,25,11,79
Pond,9.39,8.05,0.41,5.18,25,8.2,810,Chlorination,45.98,291,28,47
Well,3.69,7.54,3.98,5.29,48.06,14.59,3763,Filtration,96.22,180,13,30
Pond,0.54,8.49,1.62,3.52,22.92,5.23,4568,Chlorination,41.81,91,49,54
Tap,7.63,7.84,4.28,9.2,25.18,1.56,76,None,81.26,427,24,90
Spring,7.04,6.54,3.04,4.22,16.61,6.89,2309,Chlorination,47.2,267,41,92
River,5.98,8.12,3.37,7.41,1.58,5.98,1025,Filtration,59.74,345,41,0
Spring,4.9,7.04,1.46,7.51,21.65,13.51,2064,Boiling,99.72,67,38,90
Lake,0.32,6.09,2.29,4.97,32.75,11.03,4439,Boiling,37.04,363,25,95
Tap,6.25,6.8,2.06,9.9,34.5,2.77,2741,Chlorination,91.7,150,9,58
River,4.17,7.91,1.18,3.45,0.33,18.17,4941,Boiling,96.22,103,13,10
Pond,5.6,8.4,4.16,7.26,40.05,11.87,3999,Filtration,78.88,87,4,98
Lake,4.29,6.69,3.11,6.36,24.62,9.15,3228,Chlorination,30.7,94,21,1
Pond,9.66,6.62,0.19,4.72,26.04,18.74,4269,Filtration,87.46,381,10,45
Well,6.04,7.41,4.1,4.14,48.09,1.95,3558,Boiling,91.76,285,28,0
Tap,7.49,8.03,0.53,8.16,14.22,15.79,845,Boiling,98.67,318,6,69
Lake,9.36,7.87,2.02,9.41,38.08,7.29,692,Chlorination,88.75,2,17,70
Lake,5.92,7.4,2.86,3.75,28.74,13.91,4048,Boiling,61.19,207,30,65
Pond,0.12,7.58,0.04,4.36,35.04,18.61,1332,Chlorination,78.21,417,42,1
River,0.34,6.61,3.26,9.9,20.89,10.35,3037,Chlorination,63.96,101,19,68
Well,7.02,7.08,3.3,3.11,13.96,0.45,4332,None,54.71,347,34,12
Pond,2.79,6.64,3.26,6.56,27.31,0.58,1274,None,73.85,176,6,18
Lake,5.79,8.21,0.82,6.61,18.75,6.61,1244,None,83.89,427,29,82
Tap,2.02,6.28,1.28,4.84,11.15,15.63,337,Filtration,74.51,424,3,46
Lake,2.7,7.7,1.24,7.64,41.96,5.77,3294,Boiling,87.86,303,29,0
Spring,5.05,6.65,4.8,9.61,23.79,6.69,336,Boiling,42.35,198,29,98
Tap,9.76,7.19,0.34,6.15,42.37,15.69,1867,None,56.16,7,29,17
Tap,6.16,6.75,2.14,8.25,23.7,2.32,4005,Chlorination,51.88,390,17,31
Lake,9.36,6.81,4.36,7.52,27.84,16.94,494,Chlorination,43.59,244,42,95
River,9.59,6.65,3.85,6.31,49.76,5.32,4642,Chlorination,61.02,292,45,71
Tap,2.08,7.88,4.11,3.35,47.58,1.02,3886,Chlorination,96.35,438,9,10
Spring,3.11,6.91,4.86,8.19,13.58,2.35,160,Filtration,67.66,326,13,19
Pond,7.7,7.82,1.94,5.54,43.43,19.05,2036,Boiling,50.05,177,35,7
River,8.67,7.14,1.55,4.57,19.52,9.03,1741,None,54.78,81,22,91
River,5.19,7.37,0.15,9.64,3.56,5.13,1507,Filtration,72.92,111,11,84
River,9.93,7.36,0.75,8.41,28.79,10.43,3560,Boiling,54.69,358,11,37
Tap,0.12,8.44,2.81,9.74,48.85,13.65,1375,Filtration,67.68,20,33,5
River,3,6.92,0.79,4.79,48.72,6.38,1553,Chlorination,49.19,33,25,1
Lake,6.23,6.52,3.68,8.85,6.32,14.51,2281,Filtration,54.22,254,5,73
River,4.69,8.28,0.19,7.25,38.56,5.05,1868,Filtration,79.4,432,36,72
Spring,1.17,6.44,1.3,9.87,40.14,2.25,1601,Chlorination,70.92,26,14,54
Well,3.68,8.09,3.48,9.62,18.44,10.99,3827,Chlorination,36.54,7,41,2
Spring,0.25,6.38,1.28,9.81,32.93,3.02,3480,None,98.12,417,38,65
Tap,6.43,7.65,3.64,9.66,24.41,18.81,1299,None,33.45,17,18,99
River,8.93,6.38,4.98,3.05,11.39,0.01,710,Boiling,35.81,434,39,71
River,8.85,8.31,3.99,8.19,38.06,15.11,4167,None,79.1,499,46,72
Lake,7,7.41,1.71,4.9,13.14,5.59,2046,None,79.56,232,22,25
Pond,4.66,6.82,4.5,7.94,17.02,16.92,2881,Boiling,31.33,395,35,97
River,5.12,6.35,0.26,9.86,9.5,1.2,1817,Filtration,74.99,469,12,47
Spring,1.37,6.93,3.63,3.28,35.96,19.06,2198,Filtration,32.33,306,30,93
Tap,3.41,7.76,0.12,6.97,22.94,2.03,3332,Filtration,97.25,190,36,7
Well,1.88,6.96,0.87,8.14,22.17,15.76,1103,Chlorination,78.73,423,25,66
River,8.21,6.62,4.94,4.77,30.23,10.35,3177,Boiling,43.06,149,42,74
Well,9.15,7.44,1.8,4.58,7.86,8.61,3594,Filtration,41.07,391,47,88
River,5.37,7.04,4.1,3.42,44.91,5.6,3474,None,69.88,489,17,68
Tap,7.28,6.41,1.88,3.66,23.26,16.83,4815,None,74.35,155,46,75
Pond,1.21,6.38,4.2,7.6,18.33,4,2177,None,88.19,433,32,29
Spring,6.09,7.77,4.83,6.54,6.33,14.42,1194,Boiling,93.23,46,39,26
Tap,7.03,8.44,2.18,3.21,8.4,8.92,4501,Boiling,57.48,311,31,42
Well,4.53,6.58,2.8,9.79,46.02,19.97,535,None,89.09,415,3,4
River,2.43,7.93,3.14,7.59,22.83,12.23,1069,Chlorination,67.97,138,40,19
Well,8.77,6.22,4.67,6.61,36.11,2.08,4369,Chlorination,62.94,404,18,51
Spring,7.43,6.95,1.28,4.91,4.03,8.39,132,Filtration,78.93,409,6,20
Tap,9,7.27,3.06,7.61,32.17,1.33,263,Filtration,37.22,141,46,2
Well,8.18,6.67,1.62,5.55,46.08,5.71,4462,Filtration,48.58,334,34,40
Well,9.9,7.32,1.08,7.92,15,6.87,2052,Filtration,87.17,13,25,63
Spring,1.92,8.21,0.42,7.78,28.96,17.06,4946,Filtration,65.29,459,43,67
River,0.87,8.36,3.1,3.65,47.01,16.76,4089,Boiling,93.56,355,22,87
Well,3.37,6.25,4.41,9.36,35.97,0.23,2847,Boiling,36.21,258,33,70
Spring,1.29,6.68,1.76,6.41,3.12,10.65,357,Chlorination,51.94,235,6,23
River,5.23,8.45,2.76,5.75,18.94,4.47,4420,Chlorination,54.89,440,10,51
Pond,6.33,6.68,3.21,9.69,4.29,6.4,750,Boiling,59.59,377,7,74
River,5.78,7.73,2.07,6.07,43.07,0.43,3250,Chlorination,99.08,6,12,1
Pond,2.59,6.63,4.52,8.05,31.08,14.99,4351,None,51.75,38,31,43
Tap,9.09,6.89,1.81,7.59,47.82,19.01,2258,Chlorination,66.31,184,40,40
Spring,0.21,6.48,0.63,4.16,0.99,4.39,910,None,67.52,114,33,69
River,3.48,8.14,0.72,9.94,21.15,6.84,3810,None,83.96,109,17,6
Pond,7.19,8.21,4.45,6.25,5.22,4.13,583,Filtration,66.25,64,14,37
Pond,7.67,6.74,4.94,5.76,17.52,18.6,3438,Chlorination,72.4,230,42,81
Tap,4.16,8.06,1.44,9.44,8.09,0.19,576,None,82.73,280,23,44
Lake,0.17,6.9,0.72,6.7,16.44,11.68,2576,Chlorination,37.08,30,46,8
Spring,6.18,6.25,2.41,7.94,40.96,17.42,1871,Chlorination,97.44,85,20,52
Lake,0.63,7.9,3.55,8.92,8.03,3.73,1152,Boiling,89.24,137,17,27
River,1.08,7.49,3.06,4.65,23.68,11.8,4990,Boiling,57.21,465,13,18
Spring,6.5,6.69,4.76,4.19,46.08,1.01,1783,Filtration,80.99,76,18,67
Tap,3.12,6.63,4.09,3.48,49.94,16.29,1093,Chlorination,83.36,455,12,3
River,3.48,8.44,4.34,9.28,12.53,5.49,2099,Boiling,89.52,136,15,12
Spring,4.87,8.16,2.71,4.4,46.78,19.78,4532,None,43.18,121,1,91
Spring,9.79,8.02,1.64,5.15,13.07,18.44,2141,None,79.26,462,33,10
Lake,9.65,6.32,3.51,5,20.68,14.65,2133,Filtration,32.33,263,48,1
River,4.16,7.89,2.2,5.13,43.9,9.94,517,None,38.09,96,25,69
Tap,2.65,6.54,1.44,7.68,39.31,15.33,741,Chlorination,84.32,482,21,11
Tap,3.03,8.44,0.76,9.68,42.87,2.61,2477,None,86.91,18,19,36
River,2.69,6.13,2.64,5.31,40.01,6.2,4958,Filtration,71.47,285,28,55
River,5.32,6.88,2.97,5.85,11.75,0.54,2876,Filtration,70.72,8,17,87
Pond,6.07,7.07,2.84,8.4,27.94,12.9,42,None,82.47,82,28,51
Well,4.89,8.06,0.58,6.03,19.26,16.11,3441,Chlorination,93.43,46,41,72
Lake,4.08,7.92,2.85,9.48,22.99,18.93,403,Boiling,59.48,429,43,89
River,2.11,6.94,0.84,6.52,7.7,13.73,1326,Chlorination,38.04,89,26,3
River,4.83,7.41,3.32,5.43,15.79,14.64,2216,Chlorination,88.73,0,34,3
Well,3.41,8.09,2.15,9.8,42.88,17.91,2149,Chlorination,53.92,386,28,48
Well,5.42,6.05,4.24,5.98,44.88,18.73,2393,None,39.37,161,5,51
Spring,6.75,8.01,3.89,4.62,30.51,9.83,2650,Boiling,73.02,152,36,33
Tap,6.33,8.37,3.62,4.24,24.91,2.2,4537,Chlorination,70.47,413,24,21
Lake,4.62,6.08,3.5,9.97,35.64,9.33,4345,Boiling,63.2,0,20,12
Spring,5.56,6.11,2.8,8.27,30.44,11.12,877,Filtration,90.19,378,30,62
River,2.85,6.86,0.31,5.86,49.18,12.63,1886,Boiling,49.06,145,39,14
Well,0.24,6.22,3.28,8.78,9.5,19.79,1303,None,30.93,160,49,39
Pond,6.25,7.2,2.33,6.83,22.45,18.35,1740,Filtration,52.64,392,15,37
Tap,2.53,7.82,2.35,5.22,45.91,7.93,1112,Filtration,30.68,134,13,54
Spring,6.69,7.42,1.9,8.2,45.74,2.27,3876,Chlorination,68.05,285,5,43
Pond,7.47,6.49,4.65,8.22,24.77,4.3,1898,Boiling,56.48,76,10,65
Tap,9.16,7.64,1.25,6.5,6.74,3.48,247,Filtration,86.98,80,26,65
Pond,9.58,7.71,1.58,3.32,40.75,7.12,3260,Filtration,85.83,268,37,42
Well,0.11,8.33,4.82,3.54,29.26,17.53,567,Boiling,60.42,268,4,71
Spring,9.9,6.37,4.05,8.52,38.66,8.76,3809,Boiling,45.15,41,14,37
Spring,6.83,7.73,0.07,8.76,23.13,11.35,1188,Filtration,59.57,123,37,81
Tap,6.44,8.28,4.53,7.75,10.19,3.58,2595,Filtration,74.89,229,15,28
Pond,0.15,7.25,1.13,8.87,1.2,9.86,1353,Boiling,43.31,356,17,74
Well,8.61,6.9,3.53,8.04,27.96,17.47,3612,None,84.11,201,32,55
River,1.45,6.43,2.77,9.28,8.05,15.47,980,Boiling,53.14,333,34,5
Spring,8.37,8.17,2.68,4.05,9.36,1.62,4965,None,95.25,446,23,8
River,0.16,6.99,3.59,5.71,21.82,17.24,168,Filtration,65.83,106,34,21
Well,6.46,8.31,1.04,6.25,22.1,5.48,3164,Chlorination,89.3,452,6,45
Spring,4.35,8.12,0.8,5.08,13.72,13.31,2671,Boiling,73.11,291,13,88
Spring,2.01,6.94,3.26,8.08,6.6,2.93,378,Filtration,68.82,290,49,30
Pond,1.08,7.43,1.45,9.39,47.25,13.49,1932,Filtration,77.75,173,29,20
River,4.4,6.07,4.87,5.89,6.58,0.71,193,Chlorination,86.8,428,23,37
Pond,1.23,6.66,2.26,9.59,17.54,12.01,263,Boiling,75.12,311,14,51
Lake,4.86,7.78,0.56,6.62,15.24,12.92,1471,Filtration,85.81,86,12,18
River,6.25,7.69,3.43,6.66,43.32,4.89,2015,None,43.33,4,18,9
River,8.27,6.88,1.53,7.2,20.5,18.74,4616,Chlorination,49.43,171,28,45
Lake,6.79,8.02,0.74,4.88,6.2,0.92,1300,None,46.08,120,21,75
Well,0.65,6.59,2.11,5.68,0.51,17.83,3200,Boiling,85.88,155,1,82
Well,3.07,7.15,4.82,6.87,36.1,7.64,3373,None,36.03,86,38,65
Spring,2.88,7.18,2.06,9.59,35.73,14.28,573,Chlorination,85.71,425,12,78
Tap,9.15,6.85,1.74,7.5,20.89,13.03,1537,Filtration,57.23,97,35,37
Pond,8.68,8.39,2.22,5.33,6.32,3.36,1383,Chlorination,35.57,414,37,61
Tap,3.7,7.74,0.06,3.07,18.58,6.38,1380,Filtration,59.71,134,17,71
Spring,0.71,7.35,0.67,9.87,29.49,10.59,3537,Filtration,51.04,6,14,45
Tap,8.94,7.28,4.25,6.45,35.2,16.93,3159,None,71.44,259,34,34
River,8.88,6.4,4.89,9.57,3.91,19.1,1523,Chlorination,63.08,363,16,42
River,8.55,6.93,0.79,6.85,27.82,0.41,4991,Chlorination,50.77,383,47,29
Lake,8.45,7.68,2.68,7.24,13.81,7.05,4612,Filtration,90.36,31,12,72
Lake,4.8,8.31,4.83,7.98,30.86,13.36,3932,Chlorination,58.48,27,21,62
Spring,1.77,8.04,0.78,5.25,32.41,10.55,3622,Boiling,62.95,439,39,29
Spring,4.77,6.75,0.93,7.89,45.53,18.86,895,Boiling,89.26,259,20,82
Spring,4.95,7.08,4.63,6.69,20.52,0.34,3393,None,36.23,486,25,28
River,4.9,6.21,3.53,7.71,26.88,8.75,464,None,57.29,243,45,65
Tap,5.39,6.26,0.76,8.85,13.41,13.38,1610,Chlorination,58.2,364,3,91
Pond,2.58,7.18,1.97,4.29,14.33,4.35,612,None,64.71,263,6,71
Spring,3.66,7.33,0.28,7.29,2.3,14.52,3212,Chlorination,37.43,141,9,88
Spring,4.34,6.66,2.16,3.36,14.3,1.62,604,None,37.19,29,14,73
River,1.31,7.61,3.89,3.71,3.19,9.02,620,Boiling,59.15,386,25,21
Pond,4.55,7.76,2.77,7.72,48.2,13.52,2602,Filtration,32.31,129,15,34
River,8.1,6.75,3.24,3.5,31.21,5.34,2183,Filtration,47.85,265,39,41
Pond,8.28,7.9,1.63,7.17,8.66,1.48,3800,Boiling,44.08,69,33,23
River,4.12,6.51,0.81,4.54,5.84,19.14,155,Filtration,64.26,118,16,25
Tap,5.19,7.36,0.07,5.13,18.51,18.28,3353,Chlorination,30.78,326,37,30
Spring,0.34,8.01,4.11,3.91,15.38,18.53,3911,Chlorination,77.3,399,15,86
Well,6.74,7.34,3.18,4.74,13.96,19.57,2917,Boiling,89.89,69,33,1
Well,4.05,8.27,1.15,8.75,23.41,3.69,3117,Boiling,79.47,207,28,38
Spring,4.45,6.15,2.09,7.47,45.64,3.16,2715,Boiling,87.27,90,17,96
Spring,8.74,7.47,4.01,9.65,28.4,0.68,4339,Boiling,75.03,119,10,87
Spring,4.62,7.4,2.69,3.34,26.06,17.84,449,Filtration,65.52,459,11,11
Spring,0.21,7.65,1.5,8.55,40.33,15.06,4849,Filtration,45.33,469,36,72
Pond,2.27,8.08,1.34,7.89,0.2,12.67,4501,Filtration,49.57,206,1,43
Tap,4.76,7.81,1.09,4.83,9.87,18.55,3961,Chlorination,52.24,405,17,42
Well,4.24,7.98,4.12,8.1,24.81,11.5,1069,None,32.66,255,37,66
Lake,8.6,6.72,2.91,8.02,35.27,2.59,4017,Chlorination,93.92,34,32,86
Well,5.42,6.97,3.55,6.22,24.25,3.54,4844,None,93.02,123,8,87
Well,6.9,7.57,4.3,7.82,8.19,2.64,3591,Boiling,37.54,111,14,96
River,4.69,7.38,4.93,6.11,46.5,6.15,2819,Boiling,68.97,497,27,93
Spring,4.4,8.4,1.25,5.35,16.43,7.59,2285,Filtration,62.73,206,7,37
Spring,4.46,6.47,0.9,6.27,39.41,15.94,2035,Filtration,77.84,470,45,65
Spring,4.11,6.88,2.31,9.27,44.57,3.83,1190,None,72.21,101,35,39
River,5.39,7.43,0.18,5.69,17.32,14.51,1399,None,38.7,432,38,21
Tap,2.5,8.17,3.96,5.83,42.27,9.82,3740,Filtration,76.21,385,7,74
Tap,8.91,8.32,4.42,7.26,35.54,19.99,2248,Boiling,72.62,193,41,62
Lake,3.33,6.84,3.43,8.27,45.21,15.53,2793,Filtration,67.19,240,49,58
Tap,1.48,6.17,1.34,8.14,12.57,19.38,723,Boiling,58.17,146,49,75
Tap,0.97,7.05,0.62,3.14,46.56,6.85,1441,Boiling,96.84,452,18,18
Spring,0.13,6.99,1.91,7.81,3.27,2.46,4820,Chlorination,89.46,131,3,19
Pond,4.23,8.47,4.17,6.15,39.68,10.12,86,Chlorination,70.96,219,26,72
Well,1.88,7.08,1.74,6.67,21.78,2.48,4149,None,30.45,337,12,42
Tap,0.22,6.76,0.17,6.93,8.89,9.85,1751,Boiling,60.25,103,37,57
Tap,5.2,6.91,1.37,8.12,3.97,5.4,3420,Filtration,79.02,40,20,81
River,6.8,6.99,4.95,8.82,19.48,9.82,4837,Boiling,38.21,55,25,53
Lake,0.86,8.05,3.38,7.52,19.47,18.99,2483,None,58.46,310,44,81
Pond,4.61,6.2,4.5,6.95,11.5,5.78,3212,Boiling,43.42,249,22,39
River,7.44,6.79,3.87,5.62,10.78,19.87,3922,Boiling,53.67,241,29,99
Spring,9.86,8.42,2.7,3.97,19.98,4.59,2489,None,31.87,414,30,26
Well,6.67,6.38,0.74,9.71,20.51,4.16,1486,Boiling,38.87,126,30,12
Lake,2.45,7.86,1.74,6.23,22.12,10.9,3527,Chlorination,61.83,149,15,46
River,7.17,6.89,2.92,6.96,43.44,16.84,72,None,92.87,330,41,71
Tap,5.98,7.45,4.35,8.26,30.56,14.99,724,Chlorination,64.34,431,40,22
Tap,2.12,6.25,1.34,3.48,1.02,14.47,3754,None,61.72,335,6,58
Lake,8.51,6.77,0.61,8.99,25.95,5.65,2995,Boiling,85.13,383,16,76
Tap,4.27,7.25,2.79,8.58,38.12,0.45,4365,Chlorination,48.75,387,23,6
River,9.62,6.58,0.88,8.42,2.82,3.23,218,Chlorination,36.65,148,19,49
River,7.23,7.35,3.05,3.15,21.13,6.99,546,Filtration,44.67,168,38,65
Tap,6.45,6.55,1.32,6.69,22.56,19.43,3729,Chlorination,85.39,44,26,2
Tap,7.28,7.63,1.15,3.38,47.7,18.4,1968,Chlorination,77.39,472,1,38
Spring,4.78,8.26,2,6.86,23.78,4.01,4516,Boiling,36.41,83,0,86
Well,5.05,6.21,2.97,8.03,37.5,14.51,1259,Chlorination,76.7,7,33,6
Lake,8.51,6.54,2.73,3.85,15.15,11.58,2933,Chlorination,95.21,106,26,67
River,6.81,8.11,1.22,7.86,38.97,1,2509,Chlorination,33.15,372,36,54
Lake,8.97,7.58,4.46,6.15,16.13,7.43,4008,Boiling,73.15,264,49,7
Spring,8.91,6.2,0.55,8.68,21.5,9.72,4072,None,56.54,145,5,31
River,9.76,7.22,0.2,6.74,23.97,13.35,4680,Boiling,65.07,30,37,18
Spring,7,6.52,3.01,5.35,46.32,5.9,1562,Chlorination,66.97,243,26,11
Spring,5.02,6.5,0.62,5.32,2.67,18.68,2085,None,83.97,34,47,56
Pond,1.66,8.35,2.52,9.28,9.84,9.04,1789,Boiling,68.99,246,15,9
Tap,7.05,7.9,4.76,6.17,35.29,4.97,3669,Boiling,71.52,413,34,77
Pond,2.92,7.74,3.49,5.84,28.88,6.33,2481,None,53.3,17,26,90
Lake,2.83,6.6,3.09,3.28,12.58,15.04,3430,Filtration,38.82,466,34,20
Lake,2.38,6.3,2.87,5.55,14.46,12.81,204,Chlorination,77.79,424,35,19
Tap,8.75,8.18,0.9,8.95,18.37,14.84,741,Filtration,30.03,23,37,3
Pond,8.68,6.01,2.16,8.33,22.52,5.85,2888,Chlorination,53.01,497,27,18
Lake,6.31,6.97,1.71,4.55,40.9,6.54,3494,Chlorination,45.26,341,2,28
Pond,4.73,6.69,4.77,5.89,0.69,7.93,4263,Filtration,57.2,303,40,70
Tap,6.72,7.43,1.21,4.38,44.9,3.77,4737,Filtration,51.79,397,30,63
River,6.07,6.63,2.36,9.68,20.65,13.82,1105,Chlorination,79.3,402,2,96
Spring,4.16,6.78,4.69,7.19,11.52,6.59,1823,None,48.21,315,37,71
Spring,3.8,8.13,3.95,8.28,25.42,6.52,2647,None,69.25,348,23,10
Pond,3.83,7.51,4.82,8,32.98,5.39,4197,Filtration,61.9,277,25,32
Lake,5.89,6.36,3.04,9.12,2.24,9.06,88,Filtration,86.07,29,40,24
Pond,6.48,7.82,1.67,9.65,35.79,15.44,3381,Boiling,59.97,142,46,32
Pond,4.52,6.52,4.13,3.23,38.04,16.71,4703,None,90.47,276,27,99
Well,9.69,7.08,1.46,9.83,8.31,16.09,3511,None,30.01,409,8,25
Spring,0.84,7.62,0.82,9.09,8.39,12.42,2206,Chlorination,72.34,355,36,35
Tap,3.47,6.68,3.53,5.68,10.19,5.61,3185,Boiling,30.69,11,26,10
Pond,4.19,6.96,3.19,8.86,39.83,14.7,4381,Chlorination,79.98,390,47,29
Well,0.17,7.84,4.39,8.16,13.6,0.79,864,Boiling,46.44,202,2,56
Well,3.65,8.34,4.81,8.55,39.8,15.96,54,None,56.6,249,40,96
Spring,2.74,7.32,4.29,4.54,27.03,15.6,4671,Chlorination,56.63,102,48,9
Spring,5.06,6.02,0.3,7.54,38.36,13.4,2080,Boiling,89.25,467,27,92
Spring,3.36,6.85,3.32,3.18,27.68,1.96,557,Chlorination,37.15,34,31,24
Tap,7.26,7,3.92,8.94,16.79,19.95,4826,Boiling,76.68,323,34,95
Well,5.1,6.85,4.91,9.66,45.54,15.13,992,Filtration,98.69,385,6,67
Lake,1.3,7.09,1.87,7.63,35.76,14.7,4896,Chlorination,31.57,19,6,56
Tap,7.5,7.58,0.85,6.59,24.2,1.28,4291,Filtration,97.61,46,20,33
River,0.99,6.3,4.26,8.08,31.87,7.97,447,Boiling,31.29,83,31,85
Pond,8.39,6.68,1.59,5.28,30.79,1.72,1821,Chlorination,88.88,267,37,76
Spring,9.31,7.27,2.99,7.38,17.91,7.22,3819,Boiling,97.29,52,19,53
Well,3.22,6.79,1.95,8.03,21.19,11.41,2972,Boiling,99.51,272,7,50
Pond,9.26,8.48,2.01,4,15.91,17.58,91,Filtration,62.14,17,3,99
Tap,7.93,7.08,3.66,3.98,49.98,5.66,607,Chlorination,90.69,103,25,5
River,9.22,8.17,1.81,8.01,29,12.47,1251,None,38.56,151,14,58
Tap,6.66,8.24,3.47,6.02,4.6,3.29,285,Boiling,59.78,327,5,53
Tap,2.36,8.09,0.07,9.22,25.96,7.08,2921,Filtration,51.56,164,47,16
Lake,8.95,6.12,1.62,5.18,2.5,18.94,3306,None,57.66,360,31,25
Pond,1.84,8.37,1.6,3.3,14.43,14.95,101,Filtration,79.14,413,4,87
Lake,2.13,6.32,3.74,7.55,22.3,10.92,3835,Filtration,36.12,83,43,8
Tap,2.71,6.09,1.57,7.79,26.71,5.03,4235,Filtration,99.87,307,45,1
River,3.04,7.04,3.17,6.88,48.81,7.59,4930,Boiling,74.45,150,5,19
Well,5.14,6.49,3.44,7.78,49.11,3.13,1678,None,91.15,36,2,90
Well,7.13,6.46,3.29,6.67,4.9,7.07,3823,Boiling,88.08,378,28,5
Pond,9.26,6.72,3.02,7.85,26.91,3.01,534,Boiling,83.62,457,18,90
Spring,0.88,6.62,2.07,3.31,40.86,15.91,15,Chlorination,32.75,352,9,87
Spring,9.54,7.71,1.87,5.58,11.89,1.62,560,None,66.15,151,6,78
Well,9.21,6.47,2.82,4.48,37.53,3.79,2925,Chlorination,52.97,355,44,54
Tap,0.54,7.36,0.32,3.7,43.93,13.82,2383,Filtration,37.91,375,0,47
Tap,3.6,8.47,4.38,4.64,33.12,18.05,909,None,54.01,207,0,57
Lake,8.13,7.08,4.13,4.34,16.39,19.29,1413,None,75.14,49,16,96
Pond,6.12,7.6,1.73,9.81,46.16,16.72,118,Boiling,46.14,219,21,41
Lake,7.79,8.42,2.83,5.01,44.18,4.23,4062,Filtration,61.12,459,35,73
Spring,7.19,6.34,4.66,4.62,35.79,5.71,3113,Boiling,58.31,403,13,20
Well,4.97,7.05,1.36,8.84,18.18,17.42,3060,Chlorination,33.67,46,5,5
Tap,0.41,8.13,3.71,5.93,39.59,17.79,1491,Filtration,73.97,17,29,29
Well,5.84,8.33,0.41,5.95,15.81,12.81,2096,Boiling,73.32,484,45,22
River,0.49,7.5,2.62,6.11,12.65,6.27,2254,Boiling,97.65,121,46,35
Well,6.04,6.36,4.42,5.92,25.75,4.48,513,Boiling,50.86,281,32,2
River,8,8.25,2.76,5.29,49.86,17.05,1233,Filtration,59.33,493,19,89
Lake,5.85,6.44,3.08,5,40.22,4.11,4132,Chlorination,58.25,119,15,33
Lake,9.97,6.88,4.54,9.17,36.49,13.24,1479,None,94.38,250,3,29
Spring,4.56,6.94,3.58,4.13,22.6,19.36,3349,Boiling,58.61,326,33,81
Well,7.49,7.12,3.48,4.27,15.6,14.11,1540,Filtration,60.99,298,0,80
Well,6.67,7.98,2.93,7,42.8,5.15,129,None,47.66,46,12,41
River,9.91,8.01,3.16,5.41,28.39,5.65,3716,Boiling,30.08,84,47,20
Lake,7.13,7.8,4.02,5.95,40.66,1.86,3743,Filtration,37.73,298,7,87
River,1.64,6.06,4.9,8.65,24.39,13.72,1771,Chlorination,79.27,383,21,3
Lake,9.56,7.41,3.98,9.33,37.7,10.37,4454,Boiling,77.77,159,3,48
River,6.68,7.87,3.54,8.53,43.39,4.13,3075,Filtration,52.58,6,33,47
Lake,0.59,7.11,0.68,4.64,19.57,4.55,505,Boiling,63.11,244,44,88
River,6.58,8.36,4.09,9.86,0.68,0.18,4913,Filtration,50.82,214,36,50
Lake,8.83,8.06,3.68,5.54,12.75,19.57,4889,Chlorination,81.16,211,22,23
Pond,5.77,7.6,3.85,4.18,45.75,16.56,838,Chlorination,88.97,211,19,45
River,3.54,6.16,1.16,6.5,34.38,7.88,3871,Filtration,92.94,287,23,26
Well,8.21,7.63,4.52,8.08,36.86,18.92,4718,None,42.17,217,26,94
Spring,7.83,8.28,0.49,3.58,16.26,13.54,2676,Chlorination,78.65,483,12,50
Pond,5.44,6.95,1.27,7.44,35.06,15.03,96,Boiling,97.41,250,4,98
Pond,1.54,8.1,3.32,9.01,32.31,13.6,1963,Chlorination,75.54,343,15,19
River,2.51,6.78,3.37,4.83,8.92,15.14,2866,Boiling,54.57,320,37,79
Spring,7.38,7.43,1.57,7.85,48.43,3.42,4026,Chlorination,74.52,313,47,94
Well,8.06,7.62,3.51,5.8,17.7,11.25,598,Chlorination,78.19,180,28,70
Pond,2.79,7.69,1.94,5.9,16.46,16.99,2981,Boiling,57.79,91,25,17
Well,3.68,8.21,0,4.97,18.46,0.39,3963,Chlorination,37.28,217,21,7
Lake,0.78,6.59,0.81,7.37,4.59,2.47,428,Boiling,72.47,289,23,26
Spring,7.13,6.66,4.41,5.53,31.25,4.91,3781,Boiling,86.15,89,12,13
Tap,0.04,7.76,1.11,8.82,11.93,5.89,1324,Chlorination,99.83,483,42,17
Lake,0.47,6.44,0.56,9.74,40.17,3.65,2590,Chlorination,45.61,196,20,64
Spring,0.04,7.16,3.41,9.55,19.71,12.49,2414,Boiling,79.03,183,0,30
River,6.45,6.05,2.2,4.14,22.93,5.88,1767,Filtration,31.96,65,3,19
River,4.17,6.35,3.98,3.1,32.32,3.16,1516,Chlorination,97.89,415,2,69
Well,2.98,7.7,4.31,6.07,38.09,18.12,1339,None,30.88,97,49,44
Pond,9.13,7.87,4.23,8.1,11.56,13.9,4094,Chlorination,55.12,305,22,0
Tap,1.93,6.29,1.57,9.84,48.31,4.92,4659,Filtration,35.35,477,15,18
River,3.89,6.57,2.53,8.48,31.12,7.22,3403,Filtration,73.47,23,44,38
Spring,9.4,6.25,3.25,7.06,0.28,14.82,2546,Chlorination,53.76,219,12,26
Pond,4.27,7.08,1.61,3.18,20.78,15.82,976,Chlorination,81.31,173,38,55
Pond,5.55,6.32,0.21,8.78,21.84,3.53,1614,None,64.05,386,30,15
Spring,0.8,7.09,2.48,4.24,40.46,18.73,1584,Chlorination,59.36,244,23,77
Pond,7.9,7.83,0.06,3.39,15.26,15.71,4061,Filtration,54.4,113,46,97
River,4.23,7.71,4.75,8.95,16.56,17.14,4651,None,36.03,265,14,6
Spring,8.01,6.7,3.98,6.96,3.52,2.88,1270,Chlorination,44.34,389,4,19
Spring,2.54,7.68,0.96,3.9,14.18,2.87,218,None,74.74,353,48,30
Well,4.22,8.32,1.44,5.71,35.85,6.11,533,None,64.77,222,21,85
Tap,7.87,6.87,4.91,3.6,31.74,1.29,1495,Filtration,34.91,307,21,83
Well,9.74,6.82,1.87,7.47,4.07,1.82,1373,Filtration,68.08,234,10,78
Tap,0.6,7.43,3.92,4.98,5.73,2.86,4139,Boiling,33.79,305,23,24
Spring,8.12,6.61,2.23,9.06,18.85,14.25,3823,Filtration,65.82,109,44,0
Pond,3.01,7.63,4.32,5.5,37.19,0.6,3949,Boiling,97.55,313,9,16
Tap,5.51,8.08,3.52,6.46,41.65,1.66,64,Filtration,51.51,435,46,79
Spring,2.9,7.15,0.11,3.44,0.73,18.88,4341,Filtration,80.65,12,33,84
Spring,6.13,7.7,1.47,4.93,16.45,1.67,3142,Boiling,82.19,124,10,26
Well,3.54,7.63,2.79,7.74,21.21,10.75,1724,Boiling,58.34,314,42,98
Well,3.34,6.1,4.63,8.15,45.56,12.85,2205,Boiling,71.53,166,28,23
Pond,0.38,6.46,0.51,4.7,25.07,19.17,2985,None,63.04,52,21,61
Lake,1.47,8.23,3.01,6.53,13.49,18,3913,Boiling,49.84,185,32,51
River,9.17,8.35,1.51,8.72,19.5,8.81,1048,None,82.83,275,7,50
Lake,9.98,7.95,4.45,5.66,21.82,18.84,3654,None,79.2,446,48,65
Lake,7.81,8.3,3.83,3.94,33.5,8.65,2872,Boiling,93.04,351,31,56
Pond,2.87,6.77,1.85,6.02,2.05,13.4,4255,Boiling,73.27,9,39,54
Tap,4.02,6.62,0.84,7.2,19.47,5.19,1004,Boiling,57.21,409,44,52
Pond,7.4,6.96,0.06,3.05,32.33,12.73,2122,Filtration,79.98,146,22,88
Pond,9.69,6.14,3.11,5.44,14.17,10.76,4574,Filtration,73.33,476,4,18
Spring,4.55,8.02,2.03,7.25,29.59,12.14,3981,Boiling,73.16,316,30,12
Spring,8.3,8.46,1.57,9.66,17.86,13.65,4482,Chlorination,89.49,332,28,28
Spring,9.75,8.06,4.93,5.86,37.94,3.47,471,Boiling,93.73,117,5,95
River,8.73,7.39,2.33,4.14,3.03,6.03,3405,Chlorination,42.62,417,24,5
Tap,2.27,6.74,3.75,6.74,45.9,14.72,308,Filtration,51.98,339,24,72
Tap,0.08,6.49,0.89,5,8.58,3.28,2934,Filtration,75.52,427,30,0
Spring,4.92,6.91,0.07,4.5,7.93,6.88,4796,Chlorination,69.01,487,13,23
Lake,5.31,7.67,2.09,7.13,42.03,13.33,3047,Filtration,75.66,17,16,73
River,2.01,7.12,3.33,9.41,43.46,18.75,1921,Boiling,60.31,376,15,98
Lake,2.85,8.34,2.53,8.85,4.65,1.51,2999,Chlorination,58.87,225,27,5
Well,7.65,8.14,4.45,4.28,45.44,10.33,2017,Chlorination,38.24,111,8,47
Tap,4.7,6.26,2.17,8.36,13.66,1.64,4881,None,73.66,71,1,19
Tap,3.17,6.33,1.56,4.61,30.93,7.58,1478,Filtration,42.3,143,3,75
Lake,6.23,7.69,4.58,5.03,3.43,3.51,2352,Chlorination,76.97,103,19,66
River,6.53,6.58,2.03,9.44,19.03,12.99,4197,Chlorination,97.7,214,40,54
Tap,7.69,7.98,1.35,9.38,22.54,15.16,4870,Chlorination,47.95,479,35,17
Lake,1.57,7.48,0.49,4.18,29.99,4.95,3459,Filtration,39.95,76,36,20
Pond,7.42,6.57,3.97,3.45,26.26,14.26,3754,Chlorination,31.69,25,5,98
Pond,5.99,7.2,4.13,5.05,23.07,8.94,1231,Chlorination,56.52,229,0,63
River,0.58,7.02,0.17,7.07,47.98,5.67,3120,Boiling,45.02,192,44,36
Lake,7.77,8.18,1.79,9.14,9.25,10.47,571,Boiling,64.43,449,49,18
Pond,3.83,6.08,3.75,3.83,7.9,7.59,3589,None,66.7,102,2,88
River,3.3,8.24,4.73,5.9,35.67,4.6,147,Chlorination,54.45,204,36,55
Spring,4.48,7.63,1.89,4.9,3.73,15.14,3443,Filtration,82.49,410,44,61
River,3.46,7.84,4.36,3.1,24.14,15.95,596,None,93.34,259,41,17
Well,3.38,6.01,1.97,8.52,24.2,16.01,1070,None,44.81,232,2,29
Spring,8.08,7.57,0.9,8.69,15.5,7.64,3745,None,88.54,50,42,55
Lake,1.25,7.47,0.02,4.55,46.52,3.39,4250,Chlorination,39.18,467,32,41
Spring,9.71,7.34,1.65,4.06,14.13,16.81,4325,None,46.01,130,14,52
Spring,5.55,7.96,1.89,4.01,14.42,6.59,3371,Filtration,69.3,342,3,97
Lake,1.83,7.39,4.73,6.25,11.71,14.96,157,Boiling,51.46,65,14,73
Lake,1.31,8.14,1.03,4.73,7.29,16.35,922,Boiling,32.92,399,6,85
Pond,5.92,6.58,1.91,6.58,18.2,15.36,3318,Chlorination,50.64,201,46,49
Well,6.33,8.01,0.13,5.69,34.04,7.8,2346,Filtration,93.34,283,3,3
Lake,0.53,6.45,3.82,4.48,37.11,18.76,4050,Filtration,42.2,299,2,62
Tap,2.43,8.03,4.58,8.26,40.67,13.2,1246,Filtration,83.46,145,22,66
Tap,7.95,8.35,1.19,4.05,9.88,11.51,765,Chlorination,80.56,257,13,55
Well,0.5,6.84,2.14,8.59,1.78,13.96,3651,Filtration,37.44,461,5,48
River,8.55,7.32,0.61,6.93,48.73,0.89,2612,Boiling,53.06,427,32,91
River,6.58,7.65,2.28,8.82,0.72,7.81,4562,Filtration,43.25,403,8,21
Tap,4.34,6.2,0.67,3.03,48.03,17.62,3828,Filtration,31.62,311,11,11
Lake,3.46,7.24,2.62,8.24,41.44,3.22,4581,Chlorination,42.11,375,49,48
Well,0.19,6.9,3.67,3.36,45.6,8.29,443,None,44.11,103,34,12
River,8.25,8.18,2.77,9.65,19.36,8.1,904,None,41.62,150,30,32
River,1.43,8.19,1.23,7.92,9.86,7.12,2910,Chlorination,36.38,117,2,46
Spring,3.1,7.75,1.77,5.24,30.32,11.25,3209,Chlorination,66.84,315,45,63
Tap,5.69,7.64,3.19,5.24,37.06,19.92,1801,Chlorination,52.58,198,35,82
Lake,2.46,7.83,2.95,9.03,6.54,5.12,925,Chlorination,93.58,428,12,16
Well,4.97,6.91,0.68,9.32,39.88,14.1,3721,Filtration,43.1,302,12,33
River,8.09,7.01,4.22,9.24,10.43,15.16,4387,Filtration,72.2,333,33,67
Spring,4.71,7.38,2.38,8.66,24.58,11.69,751,None,93.04,420,20,38
Tap,9.49,8.35,0.81,8.73,42.82,1.95,1234,Chlorination,33.3,391,33,71
Tap,8.48,7.81,0.61,7.01,9.67,11.45,2922,Chlorination,66.14,497,41,96
Well,3.33,7.38,4.83,3.2,12.09,19.07,662,Filtration,61.55,388,42,0
River,4,7.93,1.41,3.61,3.14,6.84,3195,Chlorination,95.01,278,27,4
Well,4.23,6.93,4.54,7.55,7.33,12.79,1584,Boiling,76.46,104,46,95
Well,6.26,7.83,2.05,5.81,7.33,19.19,919,Filtration,54.44,9,34,39
Pond,2.87,7.03,1.93,6.97,10.17,15.96,4219,Boiling,79.81,112,13,62
Spring,9.69,6.7,3.5,4.62,14.31,13.77,67,Filtration,70.79,26,17,0
Tap,6.09,7.52,0.05,7.55,40.75,19.42,4570,Filtration,54.3,98,18,34
Pond,3.99,7.72,1.69,4.7,45.79,3.41,4453,Filtration,84.97,256,18,85
Lake,6.45,7.15,1.51,6.23,20.31,15.45,1766,None,76.77,326,32,92
Tap,3.95,7.41,4.34,6.35,6.41,8.14,1953,None,30.38,494,34,16
Tap,8.18,7.74,2.65,4.24,11.19,7.21,2568,Filtration,90.56,370,19,93
Spring,5.68,7.92,1.82,9.13,36.81,10.41,3708,Filtration,57.8,135,28,98
Lake,0.42,8.24,1.33,6.68,33.87,0.68,4928,Filtration,75.18,394,7,59
River,1.77,6.89,2.95,9.07,48.36,6.25,2671,Filtration,57.77,225,24,0
Lake,8.65,8.38,0.76,4.84,0.72,3.32,3399,Chlorination,91.7,126,16,3
River,5.63,7.59,1.23,4.21,37.54,2.77,1353,Chlorination,75.56,115,0,8
Lake,9.5,7.97,1.47,3.13,25.29,6.75,442,Chlorination,70.56,411,37,44
Well,0.72,7.75,3.04,3.66,45.13,16.05,600,None,98.62,289,48,31
Lake,2.95,6.51,1.87,4.03,28.81,4.02,3166,Boiling,49.64,170,29,68
Pond,1.94,6.18,2.53,3.55,22.33,10.63,3942,Filtration,34.57,211,27,13
Pond,5.54,7.82,3.25,9.28,33.29,14.97,2809,Chlorination,66.12,411,32,50
Spring,3.83,7.28,4.78,9.38,41.68,4.82,3388,Chlorination,59.68,432,12,89
River,1.57,7.76,3.82,9.56,14.12,18.48,4582,Chlorination,61.8,188,23,22
Tap,6.43,7.19,2.03,9.72,5.38,17.33,2786,Filtration,73.41,489,43,45
Spring,5.36,6.78,3.74,6.44,21.65,5.02,2695,Filtration,73.06,420,36,85
Pond,2.75,6.71,4.75,6.71,10.73,19.79,3648,Boiling,57.46,386,21,26
Pond,4.8,7.83,2.5,3.92,21.48,13.38,2052,None,90.4,264,12,88
River,7.46,6.69,2.05,3.96,49.55,5.72,631,Boiling,75.6,499,39,35
Pond,2.05,7.79,0.39,8.41,28.71,13.62,3442,Filtration,92.29,213,11,67
Pond,2.93,6.96,4.46,8.99,34.68,13.32,1754,Boiling,93.92,88,40,31
River,3.46,7.93,1.23,8.49,33.9,12.12,3033,Chlorination,41.71,129,48,72
Pond,7.47,6.36,0.32,8.84,41.04,14.23,1578,Boiling,77.64,22,45,65
Tap,8.47,6.51,2.69,4.94,47.21,5.37,25,Chlorination,52.23,178,6,41
Well,3.76,7.71,4.23,6.26,32.94,19.58,2209,Boiling,88.55,400,35,49
Spring,2.97,7.4,2.03,6.21,23.8,17.16,2902,Chlorination,81.3,408,28,56
Tap,8.89,6.51,3.92,9.97,15.89,14.91,1129,Boiling,43.91,459,28,63
Tap,9.99,8.26,4.18,9.64,18.01,0.53,4996,None,95.71,410,25,45
Well,6.7,6.69,2.27,7.19,16.72,11.81,4104,Boiling,77.84,19,26,88
Spring,9.9,7.05,2.95,3.97,16.22,14.13,4145,Filtration,96.4,328,23,73
Tap,6.6,6.51,2.67,4.81,34.73,17.08,441,Filtration,44.13,470,30,88
Pond,7.33,6.97,4.7,5.55,29.39,18.92,3895,Chlorination,90.88,419,6,53
Well,3.89,7.23,3.63,9.11,10.1,18.32,4797,Filtration,76.77,411,16,52
Spring,4.33,6.74,4.63,4.19,48.48,8.12,4849,Chlorination,68.66,241,48,28
Lake,1.44,7.92,1.1,4.54,21.39,17.93,1828,None,87.44,239,32,36
River,8.23,6.98,1.55,5.45,28.3,0.01,1535,Filtration,74.3,28,33,68
Pond,9.31,7.82,0.35,9.49,35.13,7.03,4325,Filtration,76.87,244,17,13
Well,6.23,6.52,2.5,6.53,30.68,2.28,559,Chlorination,47.76,119,40,96
River,3.44,6.94,4.37,7.53,15.55,17.66,1173,None,87.19,425,4,26
Lake,1.54,6.02,1.63,5.71,39.89,18.56,1878,None,75.52,313,0,4
Tap,2.65,7.9,0.64,4.32,5.51,5.12,2255,Boiling,89.11,373,6,43
Tap,2.55,7.56,0.34,4.56,28.45,7.35,1084,Chlorination,54.61,31,33,14
Spring,6.14,8.04,2.24,8.62,13.67,19.68,3914,Chlorination,53.22,139,2,66
Well,9.45,7.14,0.82,9.25,30.79,11.32,238,None,31.67,157,35,0
Well,0.48,8,1.73,6.45,10.9,9.94,2914,Chlorination,83.8,59,34,23
Spring,0.01,7.62,4.1,5.5,38.61,10.01,2095,Filtration,53.12,138,11,75
River,6,6.01,1.92,8.65,11.38,13.92,1471,Filtration,52.9,356,14,61
Tap,2.84,6.63,3.05,7.71,44.52,19.09,2045,Filtration,78.21,211,3,77
Tap,8.81,7.23,2.51,3.29,43.08,7.33,4612,Chlorination,47.7,138,32,56
Well,3.27,7.55,3.59,5.46,18.12,3.45,3683,Boiling,93.63,367,15,19
Well,2.9,6.16,0.78,7.78,19.29,3.7,204,Boiling,67.66,110,28,57
Spring,2.7,7.76,4.6,7.02,35.08,0.41,3600,None,97.86,485,5,13
Lake,1.45,7.36,3.22,9.85,4.52,11.11,2137,Chlorination,35.37,492,48,77
River,5.82,7.31,1.35,9.06,4.05,18.58,1213,None,53.58,335,36,52
Pond,1.68,6.73,0.62,3.42,6.82,14.26,3834,Chlorination,56.7,250,22,34
Lake,4.25,7.49,0.75,8.08,28.12,19.86,3091,Boiling,81.13,98,12,61
Lake,4.61,6.07,3.91,5.35,7.45,18.19,1382,Filtration,44.91,177,43,60
Well,0.2,6.16,2.94,7.77,13.88,9.84,3680,Chlorination,56.27,0,0,18
Well,0.17,7.83,1.9,7.32,32.35,9.73,1679,Boiling,93.74,88,11,83
Well,5.2,6.8,1.66,6.52,0.78,12.57,6,Boiling,38.02,112,26,41
Lake,6.96,6.87,4.28,8.97,9.01,2.22,1885,Boiling,82.17,282,24,43
River,9.42,6.52,4.37,7.96,46.5,12.15,3498,Filtration,79.17,115,21,86
Well,1.79,7.11,2.91,9.23,33.18,9.28,295,Boiling,39.14,31,33,97
Tap,1.03,6.13,2.62,4.97,15.28,12.85,263,None,78.19,261,17,0
River,0.52,6.75,4.08,5.44,2.27,11.3,2137,Boiling,69.88,40,40,67
Tap,4.36,7.32,3.75,7.35,29.3,6.21,4948,Boiling,50.13,419,15,80
River,6.23,7.16,2,9.77,11.14,12.16,3865,Chlorination,51.78,166,28,89
Well,8.41,8.5,0.41,5.6,48.01,7.32,4496,Chlorination,88.31,342,29,77
Pond,6.83,6.97,3.84,3.23,34.35,3.89,4452,Chlorination,46.17,220,29,45
Spring,2.08,6.97,0.84,6.12,48.71,13.5,2546,Boiling,65.89,413,19,50
Well,4.62,7.26,0.08,6.81,42.44,6.13,4929,Boiling,77.68,213,46,31
Lake,9.1,6.48,4.22,8.61,24.15,17.78,4530,None,39.09,312,21,99
Pond,3.27,8.19,2.89,8.1,33.48,3.99,118,Filtration,95.26,394,41,83
Lake,4.99,7.43,4.46,9.75,40.61,12,2395,Boiling,48.24,345,33,79
River,9.59,6.48,2.42,8.48,28.91,11.43,3367,Filtration,52.32,470,3,18
Lake,7.35,7.98,4.63,5.09,3.07,3.95,1702,Boiling,76.63,130,49,38
Pond,7.48,6.09,1.77,7.49,23.52,8.8,529,Filtration,35.47,47,30,87
Pond,2.52,8.46,3.62,7.71,6.53,13.51,3674,Chlorination,73.93,133,49,13
Well,4.15,8.16,1.5,9.99,35.74,6.37,302,Boiling,94.12,6,13,28
Tap,0.82,7.45,0.01,3.97,34.03,2.28,4067,None,47.44,43,7,41
Well,6.07,6.28,1.9,4.34,49.65,12.3,4251,Filtration,55.33,486,36,13
River,1.04,6.54,3.69,4.09,31.44,4.48,3968,Chlorination,46.26,316,4,10
Lake,8.36,6.7,0.75,7.12,40.01,13.63,13,None,87.31,437,7,74
Tap,8.15,6.6,2.52,3.95,13.41,16.79,2803,Chlorination,41.73,434,10,46
Spring,5.34,7.24,1.06,7.59,17,2.47,888,Boiling,54.26,85,28,23
Pond,1.41,8.36,0.37,8.63,45.85,8.75,3528,None,72.07,47,20,21
Tap,0.26,7.11,3.09,6.03,37.76,8.9,1196,Filtration,58.32,497,38,48
Tap,7.97,7.65,4.76,6.92,32.76,12.65,4540,Filtration,34.58,489,12,54
Well,6,7.72,1.55,9.39,12.7,6.69,2169,None,96.34,316,48,54
Spring,7.11,8.18,2.9,6.99,34.93,8.37,3568,Filtration,53.65,352,18,84
Pond,3.04,6.08,4.77,4.46,44.34,0.24,2231,Chlorination,61.2,423,2,69
River,5.09,7.01,3.25,5.4,11.54,2.45,1843,None,41.73,386,33,77
River,7.47,7.96,3.37,6.71,35.31,11.4,3651,Filtration,90.57,413,37,72
Tap,4.63,8.04,0.89,4.08,19.68,4.32,3876,Chlorination,50.4,239,18,34
Tap,6.01,8.32,2.46,7.29,5.94,2.89,2718,Filtration,31.39,151,31,43
Lake,7.9,7.76,1.84,9.99,38.17,6.49,48,Chlorination,52.15,450,46,35
Spring,2.15,6.61,2.35,7.57,8.36,3.27,180,Boiling,98.88,257,35,88
Pond,0.66,7.26,4,5.61,12.64,1.19,3878,Chlorination,40.28,43,38,14
Tap,5.32,6.08,2.3,5.32,39.15,5.68,1417,Filtration,32.18,167,13,44
Lake,0.62,7.62,0.31,9.52,37.11,3.29,3464,Chlorination,70.47,274,6,61
Spring,7.67,7.39,4.53,9.1,12.71,15.99,3419,Filtration,56.02,190,19,91
Pond,7.19,7.67,2.72,6.31,47.05,1.25,529,None,85.65,151,31,49
River,8.82,8.33,4.62,5.47,10.76,14.95,4679,None,81.23,49,45,77
Lake,6.4,7.72,2.86,7.97,49.68,7.66,1286,Boiling,42.98,275,30,12
Spring,0.67,6.8,0.35,5.2,36.89,13.51,2190,Chlorination,69.52,312,21,30
Lake,2.53,6.5,2.76,3.84,19.63,1.05,706,Boiling,32.27,494,4,4
Tap,8.08,8.14,2.88,5.17,6.52,18.41,3217,None,60.76,368,30,82
Well,1.67,6.49,1.07,6.04,16.03,15.35,293,Chlorination,79.98,305,14,7
River,6.98,6.4,2.36,4.79,9.69,2.8,1561,Chlorination,59.05,94,43,12
Tap,7.8,6.52,2.3,4.52,31.09,4.38,4517,Boiling,38.26,241,16,40
Tap,3.3,7.27,3.11,3.04,17.84,12.88,2611,Boiling,34.31,104,36,16
Spring,3.22,6.31,1.3,7.42,14.75,18.43,660,Chlorination,89.76,441,18,31
Lake,5.58,8.35,2.91,7.3,37.86,8.92,3178,Chlorination,92.39,414,9,4
River,8.61,8.42,1.2,4.32,11.53,9.71,3389,Chlorination,54.02,420,43,8
Tap,2.24,8.43,2.23,9.61,29.34,4.76,2106,Boiling,41.49,362,33,33
Spring,9.41,6.1,0.61,5.87,9.73,7.66,3063,Filtration,98.5,348,48,0
River,5.99,8.37,0.19,3.18,35.74,5.72,2840,None,68.21,259,24,39
Lake,9.92,8.49,1.6,4.54,31.26,7.01,3496,None,63.37,441,36,78
Tap,0.9,8.36,1.37,7.84,39.91,0.41,2578,Boiling,81.91,137,27,53
Pond,1.27,7.68,2.03,4.41,3.42,0.82,2051,Chlorination,41.82,318,14,31
Tap,8.27,7.75,4.81,3.38,10.51,13.61,2409,None,70.6,419,19,97
Tap,8.65,6.31,2.61,7.32,7.72,13.64,2953,None,92.31,182,12,98
River,4.45,8.19,2.77,6.63,9.53,6.6,368,None,31.61,482,19,49
River,7.14,6.15,4.71,8.33,5.15,17.71,538,None,77.11,56,42,58
River,8.68,6.79,4.61,8.41,28.1,5.32,2927,Chlorination,68.6,239,30,91
River,0.43,8.48,4.42,9.72,29.67,7.92,2393,Boiling,96.56,468,17,80
Spring,5.74,7.06,0.49,3.4,42.17,14.63,730,Chlorination,48.11,426,40,61
Well,8.53,6.33,3.17,3.27,20.89,14.87,896,Chlorination,90.12,104,47,10
Spring,3.98,8.42,4.04,9.91,26.62,17.22,4659,None,51.63,64,27,22
Tap,3.02,8.46,4.18,7.51,49.57,0.58,2368,None,60.09,489,46,25
Spring,7.96,6.47,2.89,8.01,26.59,3.68,4559,Chlorination,44.93,139,3,62
Lake,3.36,8.16,0.09,3.68,28.68,12.81,2680,Chlorination,90.45,61,23,45
Pond,0.03,6.98,4.87,3.49,49.8,6.76,2380,Chlorination,43.68,151,43,68
River,9.6,6.95,2.36,4.12,49.71,0.87,14,Filtration,90.13,129,44,89
Lake,5.92,6.66,1.97,5.99,21.2,11.73,3128,None,61.89,430,8,5
Pond,8.2,6.11,1.97,3.77,31.75,7.86,1353,Boiling,88.46,125,46,50
Lake,8.25,6.67,2.12,6.12,24.04,7.28,3135,Boiling,48.51,439,49,42
Tap,0.66,6.13,1.21,6.93,36.04,5.29,2277,Boiling,39.29,211,31,97
River,1.71,8.31,1.64,3,46.92,0.12,10,Filtration,68.85,399,31,41
Lake,3.11,7.65,4.93,3.8,15.48,3.65,1656,Filtration,65.66,161,38,12
Tap,3.21,8.22,1.84,5.63,40.94,9.48,1247,Boiling,54.96,204,20,24
River,6.59,7.79,2.63,3.37,32.74,5.51,1660,Boiling,76.4,401,43,1
Well,6.23,6.33,4.24,3.93,14.01,17.49,1763,Boiling,36.66,28,41,13
Tap,4.95,8.35,2.64,4.62,39.86,2.86,541,Chlorination,73.54,181,38,16
Spring,2.11,8.25,1.62,6.01,21.36,17.51,1529,None,44.82,50,45,39
River,3.82,6.87,2.62,8,6.02,8.1,1180,Filtration,39.03,234,26,38
Lake,5.44,6.28,0.57,3.93,49.67,5.52,2688,Filtration,93.67,13,46,24
Pond,4.68,7.76,0.65,8.17,21.28,6.09,2617,Chlorination,62.19,349,35,90
Lake,1.27,7.82,3.47,8.99,27.08,6.6,2754,Filtration,83.44,57,7,47
Spring,6.5,8.24,4.59,7.56,40.4,10.13,928,Boiling,36.24,418,18,87
Spring,0.73,6.13,3.63,3.31,48.04,7.08,1426,Filtration,34.02,136,28,48
Lake,3.78,6.35,0.37,6.08,43.64,12.94,3659,Chlorination,64.64,127,18,32
Pond,7.1,7.5,2.01,7.62,26.25,8.5,2233,None,52.09,36,4,26
River,0.2,7.55,0.01,9.85,27.28,13.43,3909,Boiling,30.34,493,21,44
Tap,5.7,6.08,2.56,9.66,14.04,12.09,4990,Filtration,42.83,358,34,30
Spring,3.35,6.99,0.97,5.77,23.14,4.89,2061,Boiling,45.31,267,9,62
Spring,0.09,7.46,4.34,7.31,47.34,16.26,4097,None,50.2,84,14,37
Spring,1.9,7.84,0.52,9.24,36.35,15.98,2563,Filtration,91.43,209,1,78
Pond,9.41,6.79,0.01,8.82,0.59,19.78,2803,Boiling,59.44,138,41,39
Well,5.21,7.21,2.26,6.36,5.83,3.5,2293,Chlorination,77.56,26,21,57
Pond,9.97,8.04,0.78,4.83,46.19,16.96,1625,Chlorination,31.29,343,47,64
River,5.25,8.38,3.69,3.96,42.44,17.44,571,None,86.97,232,34,10
River,5.44,6.58,4.6,6.42,24.31,12.84,4531,None,46.82,170,38,14
River,3.92,6.63,0.21,8.06,30.85,10.13,2400,None,51.63,177,18,96
River,3.1,8.35,1.98,9.79,14.48,19.15,1711,Filtration,33.17,353,46,56
River,2.52,6.99,4.98,9.03,39.64,19.45,382,None,58.68,19,11,95
Lake,3.43,7.8,3.66,4.43,30.17,12.83,1083,Filtration,89.68,396,33,24
Spring,4.6,7.53,4.77,8.04,34.74,7.19,1949,Boiling,56.51,302,44,38
Pond,1.92,6.71,0.82,5.02,18.75,16.34,2517,Chlorination,93.6,263,19,32
Lake,2.25,7.63,1.11,7.78,21.52,1.79,4169,Boiling,90.72,484,6,28
Pond,2.72,7.64,0.77,7.66,10.38,5.81,3497,Chlorination,34.34,196,23,57
Well,4.49,7.48,1.51,4.91,47.4,19.71,3314,None,51.37,326,2,97
Tap,6.53,6.25,3.62,4.64,47.33,16.29,4930,Boiling,93.73,63,5,71
Spring,8.56,8.49,0.82,3.73,40.89,18.79,2675,Boiling,32.09,43,32,10
Well,2.87,7,2.62,3.35,46.78,11.9,3394,None,83.61,243,33,12
Lake,1.84,7.6,1.35,9.01,33.27,8.15,1203,Boiling,93.45,11,32,68
Tap,3.79,8.21,4.15,3.35,11.73,19.59,773,Filtration,83.93,360,28,82
Well,8.94,7.06,0.03,3.62,38.01,6.19,3056,Chlorination,82.07,259,22,20
Pond,0.1,7.93,1.12,4.67,16.26,15.15,2313,None,89.03,295,3,2
Tap,6.78,8.43,3.03,9.21,22.02,11.16,2597,Filtration,76.61,402,4,25
Pond,4.77,6.9,0.48,5.33,13.72,4.57,1403,Filtration,59.62,437,33,32
Well,1.61,7.01,2.33,4.34,21.18,0.35,4172,None,34.39,256,15,93
Lake,3.21,8.26,2.18,8.01,33.97,7.68,3061,Boiling,85.16,374,39,21
Pond,2.25,6.4,4.26,5.23,5.53,10.95,3325,Chlorination,93.37,234,46,61
Tap,8.78,6.07,3.13,5.33,5.26,3.66,1403,Filtration,65.81,246,42,4
Well,4.82,8.27,3.2,8.17,34.19,8.29,3320,Boiling,67.28,140,41,18
Pond,5.63,8.05,4.76,4.76,38.98,12.3,869,None,58.23,305,2,8
Lake,5.94,8.43,4.91,9.28,27.57,14.3,1083,None,89.98,180,42,57
Spring,6.4,6.15,3.27,6.93,9.08,1.05,973,Chlorination,31.04,499,48,23
Lake,4.96,6.39,2.61,6.76,21.54,13.28,1225,None,73.72,425,41,38
Lake,0.18,6.26,3.04,4.85,37.91,1.13,1802,Chlorination,93.52,364,48,75
Spring,3.35,7.71,1.91,8.85,34.29,0.56,2964,None,37.23,152,13,60
Lake,1.84,7.52,4.94,7.01,5.49,3.05,1188,None,97.14,43,32,47
Spring,6.8,6.9,3.53,4.09,48.46,13.07,3443,Filtration,97.74,108,27,90
Spring,0.57,6.14,1.46,4.44,11.17,1.06,3934,Boiling,95.09,97,40,49
Pond,5.64,7.6,0.29,6.28,11.02,0.42,4409,Filtration,62.38,226,14,61
Pond,2.11,7.43,0.22,8.46,22.99,2.36,1321,Chlorination,56.81,444,3,52
Spring,9.49,6.28,1.02,9.58,16.36,18.99,2023,Filtration,79.42,80,19,20
Well,3.36,8.27,1.16,7.64,49.2,18.15,4731,None,52.31,217,24,37
Tap,3.25,6.5,2.08,6.54,3.82,1.73,4512,None,34.78,148,34,98
Well,9.23,7.86,1.07,4.76,15.32,6.08,438,Boiling,93.1,434,38,95
Spring,4.17,8.21,3.15,7.71,19.14,18.95,164,Chlorination,74.44,75,21,58
Tap,9.63,7.45,1.06,9.88,24.67,1.95,3337,None,44.5,79,34,99
Pond,0.24,6.62,0.94,6.33,0.82,1.89,3350,Boiling,31.29,51,46,96
Tap,3.06,6.77,2.36,4.13,4.12,1.72,987,Boiling,80.65,62,27,42
Spring,6.66,8.21,4.44,3.72,12.89,19.53,2529,None,89.7,83,9,16
Pond,8.91,6.75,2.34,4.88,27.7,14.86,4612,None,58.4,437,15,68
Tap,2.56,7.87,2.07,6.99,38.39,4.29,4177,Chlorination,35.66,393,48,43
Tap,9.3,8.48,2.89,9.63,34.32,0.92,4214,Boiling,75.4,342,22,83
Well,5.94,8.5,1.29,5.09,28.35,19.3,3845,Boiling,50.79,366,18,62
Tap,8.01,7.33,1.77,5.14,19.86,8.51,1326,Boiling,40.08,477,0,22
Spring,3.97,8.07,1.07,6.37,43.53,11.97,3286,Chlorination,65.73,254,0,67
River,2.12,8.48,2.86,9.43,22.99,5.58,27,Boiling,63.73,58,45,25
River,9.11,6.94,3.49,5.93,14.96,15.17,2024,Filtration,66.17,7,25,93
River,9.33,6.63,3.37,4.56,31.47,3.94,4593,Filtration,87.68,306,33,47
Spring,4.98,6.29,1.27,4.14,34.61,15.74,193,Boiling,63.92,388,1,46
River,0.06,6.35,3.9,6.2,19.92,4.61,591,Filtration,93.04,75,27,45
Well,1.1,8.13,1.28,8.6,1.41,1.96,2489,Filtration,88.93,425,19,28
Spring,5.73,7.47,0.75,5.04,4.71,9.58,1857,Chlorination,75.58,77,41,33
Pond,0.24,8.18,1.75,6.59,42.28,16.26,112,Boiling,33.98,123,46,9
Spring,3.97,7.97,2.99,7.22,2.83,7.7,1317,Chlorination,90.55,11,26,19
Spring,3.03,7.68,0.71,6.15,29.6,0.58,1737,Boiling,93.39,279,27,87
Tap,7.14,7.52,3.24,4.34,9.19,11.07,2061,None,56.25,44,30,33
Tap,0.56,6.12,4.32,9.45,11.45,13.61,1690,Filtration,66.83,52,46,12
Tap,4.89,8.18,1.47,6.96,13.67,14.81,3668,Chlorination,49.67,180,6,86
Lake,5.79,7.04,2.25,8.1,1.91,8.04,1394,Chlorination,31.03,400,7,9
Well,6.17,7.4,1.14,7.45,8.86,1.94,3168,None,63.56,448,31,85
Spring,4.05,6.05,1.81,9.99,32.52,11.69,3559,None,39.06,373,10,44
Spring,3.04,8.34,0.11,6.19,24.94,6.59,2236,Filtration,42.83,233,47,77
Tap,6.82,8.26,4.77,5.97,39.87,18.94,3883,Filtration,63.65,185,25,88
Spring,8.48,7.36,2.08,5.52,3.06,10.05,3251,Boiling,90.69,292,24,81
Pond,6.94,7.44,3.94,5.53,44.44,9.45,3932,Boiling,89.12,74,6,83
Spring,9.32,7.76,0.71,4.93,49.82,6.18,3014,None,97.55,425,19,91
River,7.17,6.66,4.06,9.86,0.79,6.78,3486,Filtration,63.79,197,40,7
Pond,7.65,6.55,4.3,9.1,48.38,10.26,1128,Filtration,68.64,78,29,4
Pond,1.68,7.69,3.58,5.22,11.79,6.13,1696,None,87.55,232,0,84
Spring,4.2,6.26,4.52,5.14,34.63,17.85,132,None,78.98,167,17,19
Lake,4.85,7.14,0.84,3.72,14.62,8.78,4665,Chlorination,42.8,22,7,43
Tap,2.56,7.23,2.38,9.14,26.09,5.84,4220,None,57.87,406,28,79
Well,5.29,6.95,3.1,5.6,25.52,3.11,3539,Chlorination,95.04,485,39,57
Well,2.91,6.46,2.98,7.01,18.06,13.45,2988,Boiling,40.23,229,21,19
River,6.88,6.89,4.31,9.3,35.88,0.52,4302,None,44.65,304,31,88
Well,4.7,6.84,1.08,5.86,29.98,9,3293,None,58.05,383,39,70
Well,4.59,7.25,0.88,8.65,25.41,11,311,None,95.79,459,13,88
Tap,9.84,7.69,1.27,6.01,49.14,6.8,2429,Chlorination,37.97,134,1,99
Tap,3.92,8.42,4.46,7.91,47,15,1785,None,77.11,292,34,73
Lake,3.62,6.36,4.71,6.02,47.77,13.51,4391,None,39.25,399,6,39
River,3.19,8.18,2.85,5.75,44.07,19.43,401,Filtration,66.72,37,2,15
Well,8.95,6.71,2.51,9.93,12.76,10.18,1596,Filtration,67.56,231,14,3
Lake,4.97,7.48,3.03,7.29,17.5,10.76,121,Filtration,32.98,354,42,9
River,6,7.37,3.08,5.57,11.55,4.92,750,None,96.79,167,33,50
Pond,1.81,7.39,0.85,4.8,49.31,7.71,105,Filtration,86.46,284,21,47
Well,5.41,7.81,3.43,3.28,7.63,0.54,1059,Boiling,51.2,102,17,94
Well,2.75,6.95,2.26,7.95,18.33,13.79,4167,Filtration,39.14,144,45,75
Tap,7.31,6.8,2.59,5.61,9.95,6.23,4663,None,54.19,242,17,19
Spring,8.33,8.13,0.15,8.75,11.17,10.81,3238,Filtration,92.6,473,33,31
River,7.15,6.55,3.82,5.55,12.35,5.1,1244,Filtration,39.29,147,35,65
Well,7.3,6.45,4.18,5.61,31.98,12.42,75,Filtration,54.45,365,45,59
River,5.12,6.04,3.1,8.45,3.8,8.95,1009,Boiling,64.6,152,38,10
Lake,7.12,6.53,3.74,6.43,28.63,9.64,3282,Boiling,32.3,315,46,19
Lake,4.23,7.3,2.61,9.19,40.96,18.85,2275,Chlorination,48.76,421,37,22
Spring,6.51,7.35,3.09,7.13,38.33,14.12,3808,None,71.69,318,36,76
Well,2.59,6.64,1.97,4.68,7.56,5.24,452,Boiling,52.68,294,17,34
Tap,0.7,6.18,3.96,6.98,45.74,10.08,765,Boiling,90.94,125,42,16
Well,4.13,7.86,2.34,3.03,38.5,9.33,4582,Boiling,95.57,191,39,9
River,4.62,7.89,3.4,5.19,0.27,15.9,2715,None,60.91,484,28,37
Pond,2.56,8.49,3.11,4.46,36.87,16.67,1497,Chlorination,67.24,82,11,77
Lake,7.28,8.25,3.51,7.58,36.87,5.67,3946,None,74.16,20,17,82
River,0.74,8.32,3.93,3.95,24.84,16.42,3732,Filtration,76.52,287,30,31
Spring,2.23,8,2.56,5.03,2.3,3.59,4925,Chlorination,34.43,283,14,53
Lake,7.49,7.54,4.07,5.32,29,15.26,2838,Filtration,33.76,358,39,96
Tap,4.37,6.32,2.49,3.02,38.29,4.98,489,Boiling,90.59,488,29,56
Lake,7.05,7.56,4.78,3.33,13.54,5.96,2423,None,45.39,267,35,88
Pond,5.67,6.14,3.76,5.18,33.35,17.05,1935,Filtration,70.89,120,27,24
Well,9.51,8.21,0.86,4.56,17.7,8.4,2749,Chlorination,73.73,110,14,13
Pond,5.98,7.2,4.15,3.82,28.69,19.81,3296,Filtration,41.51,78,42,44
Pond,0.15,7.74,2.76,4.08,19.23,3.04,4570,Filtration,83.31,347,32,43
Well,3.53,6.13,4.92,8.85,15.19,9.27,3691,Boiling,90.62,375,1,37
Lake,1.43,7.34,3.59,7.78,42.8,14.65,1103,Filtration,49.98,84,7,35
Spring,9.25,6.75,0.42,6.39,37.69,0.11,1599,Filtration,91.45,79,47,87
Well,1.04,6.71,1.97,9.36,17.27,3.04,3281,Boiling,35.67,150,32,38
Well,3.88,6.97,2.59,3.21,21.73,0.41,3160,Chlorination,86.03,243,34,38
Tap,2.26,6,4.2,5.41,34.59,19.86,3945,Boiling,74.81,217,17,12
Lake,8.47,7.17,3.65,8.76,40.55,15.21,225,Filtration,70.82,14,25,65
Well,3.09,7.22,1.85,7.4,34.22,7.47,4803,None,46.11,100,47,33
Spring,9.92,8.16,3.27,9.87,27.05,3.13,1714,Boiling,55.33,267,20,14
River,0.39,7.12,2.88,9.61,47.72,1.81,4149,Boiling,93.72,387,27,57
Lake,1.28,6.91,0.63,4.19,38.71,10.64,2243,Filtration,62.6,34,19,58
Tap,2.25,8.49,1.17,9.8,5.78,19.52,2892,None,71.61,350,44,65
Pond,8.11,7.43,1.71,9.62,27.91,13.49,2345,Chlorination,95.51,444,19,51
Well,8.79,7.18,0.98,5.62,20.48,7.3,578,None,62.65,282,3,88
Spring,0.71,7.24,0.75,9.88,39.75,10.02,1698,Boiling,57.18,124,35,68
Lake,0.32,8.02,0.29,3.25,2.23,19.98,4595,None,92.52,223,33,97
Spring,7.45,6.85,4.37,7.63,20.54,10.38,2671,Chlorination,93.76,160,44,4
Spring,1.33,6.97,1.44,4.86,15.91,19.28,4301,None,54.82,12,12,42
Pond,1.33,7.89,1.45,3.91,7.06,0.33,2927,None,71.44,164,30,7
Tap,0.22,6.18,1.03,7.04,18.94,14.42,278,None,97.46,427,38,77
Lake,0.5,8.16,2.38,5.14,33.64,12.54,1468,Boiling,33.88,257,6,92
Well,2.64,7.08,2.57,7.67,18.08,13.71,4772,Filtration,32.79,421,16,93
Tap,0.65,7.45,1.04,6.78,29,11.41,940,Filtration,66.16,292,41,62
Well,3.69,7.89,3.04,5.75,29.64,0.88,2318,None,50.39,442,11,67
River,8.33,6.67,3.61,4.27,29.36,2.99,4536,Boiling,70.73,113,29,34
Spring,3.26,8.23,1.87,7.21,26.48,18.45,1783,Boiling,80.7,119,47,70
River,7.28,8.45,2.93,8.8,5.85,4.66,1875,Boiling,34.84,68,33,89
Spring,0.94,7.24,2.51,7.2,10.92,19.86,4643,Filtration,91.77,273,21,31
Pond,6.59,8.34,0.98,7.27,40,13.59,3226,Boiling,49.38,47,20,96
Tap,3.17,6,3.65,6.58,25.12,8.89,3728,None,56.69,336,8,23
Well,7.5,8.24,4.01,5.72,35.3,18.4,985,Filtration,53.59,321,11,49
Pond,1.36,6.78,3.24,6.2,28.5,15.9,2819,Boiling,88.79,432,16,58
Well,8.98,6.78,1.62,9.93,1.93,8.58,3970,None,41.95,361,15,64
Tap,2.43,6.57,4.63,8.25,39.81,1.37,2066,Filtration,32.01,57,4,92
Lake,3.53,6.79,2.28,6.01,3.22,17.37,424,Boiling,98.03,418,18,37
River,9.5,6.53,1.33,6.2,47.16,15.3,2105,Chlorination,98.64,77,27,37
River,5.78,8.26,2.04,6.5,10.77,15.81,2470,None,48.04,498,16,20
Well,3.66,8.25,3.46,7.62,25.62,14.9,3794,Chlorination,30.65,203,21,22
Well,9.5,6.26,4.23,6.26,3.18,5.52,2891,Filtration,75.21,441,34,45
Well,3.29,6.36,1.78,7.8,44.75,17.18,1683,Boiling,75.39,224,48,68
Tap,0.95,8.16,1.16,5.3,49,0.04,3173,None,95.82,262,14,29
Lake,9.97,7,3.13,5.87,7.31,4.75,3147,None,50.89,102,18,39
River,2.68,6.42,4.61,9.05,14.79,0.93,4061,None,43.27,108,46,81
Pond,8.51,7.28,0.92,5.3,0.79,2.21,4051,Chlorination,73.15,264,49,69
Spring,1.66,7.04,4.02,9.75,39.35,10.65,3651,Boiling,69.46,324,25,68
Tap,7.31,6.55,2.38,4.21,15.57,0.75,4161,Boiling,80.24,387,43,41
River,5.24,7.8,4,4.69,29.44,3.63,4910,Boiling,91.96,415,43,17
Lake,9.81,7.58,2.53,6.25,1.96,4.65,1174,Chlorination,69.18,388,34,58
Tap,5.53,6.25,1.89,8.58,35.77,13.11,2949,Filtration,40.51,55,42,12
Pond,0.25,8.31,3.48,8.12,26.47,9.38,1809,Chlorination,71.87,311,22,83
River,6.04,7.4,4.5,4.22,36.25,9.17,436,Filtration,56.19,251,9,20
Tap,1.45,6.63,1.6,4.66,39.48,15.37,4885,Chlorination,61.69,499,21,67
River,7.99,6.52,2.3,7.03,4.46,9.13,234,Boiling,97.16,299,46,76
River,8.57,6.34,1.15,5.07,28.9,6.97,4770,Boiling,68.85,71,10,81
Lake,4.82,7.06,0.92,5.96,32.5,19.25,2145,Boiling,40.48,140,25,76
Spring,7.83,6.34,3.89,6.41,25.84,0.17,3575,Chlorination,61.02,387,0,76
Lake,1.45,7.04,1,7.16,9.12,6.11,4856,None,45.99,179,35,60
River,4.92,6.37,3.97,4.76,39.78,12.19,3561,Chlorination,39.48,202,20,98
Tap,3.94,7.64,2.15,4.14,49.87,15.66,2474,Filtration,79.86,270,7,37
Pond,6.11,7.96,4.98,5.79,48.46,16.33,226,Chlorination,74,375,19,39
Lake,0.44,7.37,0.99,3.57,38.88,0.92,2610,Filtration,64.85,109,44,26
Spring,7.52,7.7,0.46,6.69,20.91,14.18,2275,Chlorination,59.63,81,16,57
River,0.79,8.35,0.38,8.88,16.87,14.41,4801,None,52.56,83,14,89
Pond,6.56,7.6,4.18,3.83,3.43,4.28,1815,None,36.16,256,20,75
Lake,0.18,6.91,2.19,3.79,20.81,2.26,3854,Boiling,50.95,192,0,65
Lake,8.32,7.12,0.02,3.56,7.8,14.99,3995,None,88.69,138,2,42
Lake,1.75,8.15,4.37,8.94,12.72,4.99,1410,Chlorination,84.86,220,30,19
Lake,5.15,6.33,4.38,3.56,44.59,0.03,4764,None,98.06,188,30,34
Pond,2.61,6.81,4.03,9.88,48.43,4.47,3379,Boiling,75.92,348,20,54
Tap,7.23,7.44,1.24,5.51,47.43,0.62,1845,Chlorination,68.75,343,22,73
Spring,3.21,7.69,1.86,5.3,9.67,4.98,1337,Filtration,50.72,339,16,71
Spring,7.25,7.91,3.72,3.64,45.04,6.7,117,Chlorination,35.38,477,21,39
River,2.85,6.8,2.45,7.1,7.08,5.43,1868,Boiling,73.26,446,21,45
Well,7.52,6.36,0.77,7.1,25.38,18.4,2097,None,64.17,421,35,99
Tap,0.31,8.39,1.21,6.46,32.18,4.65,1813,None,83.14,196,7,94
River,2.83,6.19,4.86,5.18,23.12,9.35,1587,Chlorination,58.83,300,46,78
River,4.99,6.24,0.76,5.58,47.59,19.15,3252,Filtration,98.99,73,7,41
Lake,0.45,7.24,3.63,5.24,16.66,17.58,542,Filtration,57.83,197,13,17
Well,1.86,8.05,2.39,5.98,26.37,6.19,2374,Filtration,53.32,323,37,14
Well,9.35,7.94,3.74,5.39,3.77,6.53,1526,Filtration,90.97,259,23,82
Tap,9.77,8.34,3.31,7.73,42.61,11.87,3567,Chlorination,57.69,198,21,87
Well,7.4,6.35,2.2,5.07,20.67,18.36,1269,None,90.96,303,14,98
River,2.52,6.94,1.77,5.46,35.03,0.2,601,Filtration,31.91,352,19,65
Well,2.61,6.71,3.77,6.05,34.11,7.86,3614,Chlorination,78.48,136,26,12
Well,6.46,8.15,1.62,3.03,33.81,17,2149,Chlorination,35.03,345,27,56
Spring,1.18,7.22,3.94,6.44,25.35,8.21,3301,Chlorination,40.38,498,21,8
River,9.48,6.07,3.4,4.79,13.88,14.4,387,Filtration,79.01,499,30,98
Pond,2.25,7.77,2.89,3.39,31.25,13.84,3680,Filtration,50.28,174,8,65
Well,10,6.97,1.84,9.38,48.09,4.11,1602,Chlorination,44.73,488,22,15
Well,4.96,7.33,1.03,5.26,41.7,8.99,3282,Chlorination,86.11,468,4,99
Lake,7.71,8.23,3.55,5.98,5.44,11.32,2696,Chlorination,96.24,315,44,1
Well,0.02,6.64,0.46,8.79,1.16,14.31,4434,None,46.27,307,38,15
Well,8.89,6.6,4.85,4.17,24.95,16.45,4151,None,52.2,379,16,71
Spring,2.7,6.66,4.89,8.95,38.79,15.2,3833,Boiling,79.99,341,39,0
River,6.68,6.85,0.65,4.69,15.7,0.57,1305,Boiling,87.07,416,4,81
Tap,8.06,6.27,0.52,7.12,35.06,13.41,716,Filtration,99.94,441,6,25
River,1.64,7.74,2.06,7.8,46.6,9.95,3655,None,49.14,352,7,43
Lake,4.43,6.52,4.82,9.34,22.95,11.48,2991,Boiling,68.96,303,6,4
River,4.94,8.32,2,7.25,12.21,7.46,313,Chlorination,39.38,132,21,20
Well,3.12,6.54,1.82,6.17,45.89,14.28,2280,Chlorination,53.16,468,43,34
Lake,4.82,6.64,3.52,7.01,23.61,13.48,2622,Filtration,33.15,26,37,91
River,3.18,6.74,0.89,4.41,20.39,11.59,887,Filtration,44.76,424,20,53
Lake,3.61,7.92,1.82,7.82,17.67,17.23,4342,Boiling,65.46,256,3,89
Tap,6.69,7.07,1.46,4.31,21.15,2.04,2489,Chlorination,41.46,50,31,95
River,6.33,8.05,3.01,6.9,33.68,6.02,1922,Filtration,92.26,143,28,49
Pond,2.32,7.96,0.81,7.53,21.69,9.9,4029,Filtration,79.72,354,29,43
Well,8.97,8.32,2.74,9.29,16.21,19.17,3063,None,31.94,355,2,84
Lake,8.63,7.89,4.29,6.15,37.18,1.44,160,Boiling,91.37,235,4,3
Pond,5.09,6.13,2.57,8.43,10.15,6.74,2187,Filtration,98.41,159,18,41
Pond,4.33,8.09,3.42,4.17,10.1,18.52,2351,Boiling,65.13,476,7,40
Spring,3.77,8.35,0.38,4.09,34.82,17.96,1483,Chlorination,52.02,358,36,35
Lake,7.07,8.48,2.25,6.67,43.34,17.3,3892,Boiling,48.44,302,30,23
Pond,6.72,6.31,0.47,7.17,12.06,6.17,1737,Filtration,36.12,406,26,96
Spring,1.96,7.53,3,7.43,9.56,16.94,4220,None,64.41,270,12,4
Pond,6.71,6.5,1.41,8.22,33.52,10.11,1908,Boiling,33.51,153,41,56
Well,2.52,6.66,1.44,5.06,31.04,12.4,1370,Boiling,65.27,36,5,66
Tap,0.19,7.86,0.38,7.36,22.36,4.78,1977,Chlorination,47.68,216,0,10
Spring,6.99,8.44,1.55,4.32,4.79,14.13,3395,None,63.35,438,29,44
Tap,6.45,7.49,2.53,4.53,4.59,6.55,2454,Boiling,59.29,129,10,95
Lake,4.11,8.13,2.92,3.47,38.87,6.88,4259,None,51.36,75,40,21
Well,5.26,6.02,0.33,8.23,22.59,12.74,4957,Filtration,61.4,402,30,10
Spring,9.47,6.09,3.26,6.55,42.9,4.8,2287,None,63.18,287,15,37
Lake,5.95,7.49,2.44,4.67,28.74,4.49,1236,Filtration,88.36,470,14,58
Pond,6.58,6.97,2.68,6.89,30.94,7.38,3174,Chlorination,76.6,196,4,85
River,0.64,8.22,4.16,5.48,46.71,15.56,1206,Chlorination,60.32,310,14,3
Lake,1.66,6.75,1.71,8.86,8.23,4.49,504,Chlorination,93.37,216,0,66
Tap,3.01,7.08,0.87,6.7,27.15,15.75,3767,Filtration,82.9,98,14,9
Well,5.39,7.32,2.76,3.21,2.91,13.91,4620,Boiling,35.3,311,35,18
Well,7.77,6.68,4.73,9.9,17.95,13.58,1403,Filtration,40.76,284,47,81
Lake,3.21,8.27,2.59,3.52,7.4,9.5,1767,None,35.72,229,38,27
Pond,3.56,7.16,4.16,7.87,9.39,14.92,3733,None,52.32,108,7,94
River,2.56,7.06,3.79,6.06,46.74,0.27,700,Filtration,60.5,339,21,16
Tap,2.55,8.12,2.59,4.75,30.53,6.11,3204,Chlorination,65.3,494,26,23
Lake,9.49,6.78,3.24,7.74,44.61,13.58,4145,Chlorination,89.6,163,33,0
Lake,6.35,8.04,2.03,3.88,22.18,19.75,3005,None,31.26,115,29,4
Well,1.56,6.31,2.65,9.01,29.88,0.05,4790,None,59.98,70,11,31
Tap,7.22,6.46,2.54,4.75,1.6,10.2,4121,Boiling,58.77,213,1,52
River,7.22,8.38,3.55,5.53,23.48,18.48,4082,Boiling,96.32,337,45,80
Well,6.66,8.11,2.05,7.43,28.2,17.27,10,Boiling,46.87,52,37,56
Lake,1.35,6.97,0.5,3.01,0.84,0.46,4903,None,38.57,84,21,84
Well,4.08,7.6,3.94,6.31,39.47,10.59,2058,Boiling,39.96,341,16,42
Well,1.07,8.36,3.42,9.26,14.77,0.09,3677,None,66.41,422,34,85
Spring,8.17,6.53,4.75,7.76,22.62,15.79,2819,None,57.36,75,41,38
Well,6.55,6.15,2.14,5.72,26.78,6.18,972,Filtration,82.79,266,44,33
Pond,5.07,7.34,0.39,7.62,49.61,15.31,3792,Boiling,52.62,247,22,77
Well,3.43,6.36,0.61,9.56,4.96,18.9,2454,Filtration,38.96,331,28,79
Pond,1.84,6.47,3.87,4.31,27.76,19.52,841,Filtration,57.08,473,28,4
Tap,1.06,8.23,0.34,6.72,26.53,17.88,4454,Boiling,91.81,285,49,17
Well,9.69,6.02,4.54,4.64,3.45,4.08,284,None,58.39,78,18,3
River,2,8.04,1.41,8.98,31.7,3.89,2435,None,88.35,455,16,91
Pond,0.6,7.29,4.49,8.05,14.34,12.52,2831,None,56.01,106,7,90
Pond,9.62,7.4,3.87,8.61,5.19,10.88,4520,Boiling,49.7,436,49,69
Lake,5.49,7.68,4.36,9.6,8.93,0.19,1029,None,84.24,81,6,10
Tap,7.97,7.08,1.07,4.63,41.18,7.83,4451,Filtration,44.65,201,10,46
Well,0.44,6.29,2.98,3.34,5.21,18.13,2966,Chlorination,46.23,391,2,84
River,5.67,6.26,0.47,5.04,23.35,17.97,553,Boiling,33.49,229,1,80
Lake,3.98,7.89,1.01,5.79,9.76,4.08,267,Chlorination,43.15,226,18,30
Tap,7.72,6.55,1.55,7.38,8.12,7.64,1240,Filtration,56.52,19,27,97
Pond,0.38,6.07,3.7,8.58,10.29,11.21,4159,Chlorination,57.97,267,27,12
River,4.02,8.45,0.12,5.45,24.64,17.06,2489,Filtration,59.44,496,24,22
Well,7.99,8.45,4.52,6.31,11.89,10.64,2588,Chlorination,63.58,322,10,64
Spring,5.23,6.95,0.35,8.5,4.84,19.36,469,Chlorination,70.03,467,39,67
Spring,5.5,6.06,1.88,4.58,40.07,15.98,3287,None,43.26,177,42,29
Tap,0.97,7.82,0.41,4.52,26.99,19.06,3936,Chlorination,72.98,381,1,30
River,1.32,8.08,3.84,7.12,7.84,14.63,2019,Filtration,53.56,139,11,46
Lake,6.77,6.31,0.71,6.05,23.57,17.55,2023,Filtration,81.38,309,40,15
River,6.75,6.34,4.42,9.64,3.42,16.62,1589,Filtration,69,471,37,42
Pond,9.79,8.06,2.65,5.5,29.02,5.08,4973,Boiling,68.8,79,11,2
Spring,7.12,8.3,4.74,8.32,17.02,4.59,2060,Filtration,77.98,379,49,11
Tap,4.93,7.98,1.45,7.08,5.18,17.29,4317,Boiling,53.31,181,24,75
Well,8.57,6.5,2.27,3.38,9.18,1.69,1419,Filtration,60.05,73,36,10
River,1.04,7.03,3.47,3.59,17.29,8.17,880,Boiling,70.8,146,30,15
Spring,4.49,7.5,4.16,4.42,40.32,16.41,838,Chlorination,59.51,232,16,28
Lake,2.87,6.4,2.11,4,8.69,16.26,751,Chlorination,61.1,141,47,20
Tap,1.05,6.53,4.46,5.31,5.48,2.78,269,Filtration,49.07,435,11,57
Well,7.64,6.71,0.59,7.05,25.8,9.75,3369,Boiling,50.12,461,29,42
River,5.11,7.27,3.54,7.22,27.93,9.6,4827,None,78.93,149,1,4
Lake,5.57,7.28,1.74,7.11,4.51,6.47,4711,None,30.3,131,15,51
Well,4.11,8.04,0.51,3.82,14.22,18.34,3503,None,36.67,238,0,12
Pond,4.6,7.88,1.93,7.2,13.14,13.06,3960,Chlorination,96.42,371,33,80
Spring,1.16,8.28,4.4,5.87,9.31,19.6,2075,Chlorination,43.09,314,44,11
Pond,6.73,8.08,4.9,9.32,15.78,1.34,1312,Boiling,59.27,161,47,80
Spring,4.32,6.63,1.96,9.38,1.86,7.89,2284,Filtration,89.48,319,0,0
Lake,8.17,6.83,4.43,8.38,32.58,16.7,383,Chlorination,30.01,249,35,7
Pond,1.96,7.25,2.55,7.92,49.42,8.45,4180,Filtration,94.76,127,2,15
Spring,2.05,6.04,3.59,3.8,31.7,5.24,4341,None,33.74,273,33,14
Tap,6.46,8.26,0.23,3.59,18.05,19.96,2808,None,41.96,481,11,18
Lake,8.46,6.11,2.79,8.89,33.4,17.46,803,Filtration,32.04,81,44,24
Spring,4.72,6.81,0.35,5.99,28.58,10.93,4335,Boiling,66.37,231,26,30
River,7.27,7.42,1.34,6.16,42.34,11.23,1096,None,96.02,30,49,1
Spring,9.99,7.29,2.83,8.93,31.09,0.14,3742,Boiling,88.73,233,36,58
Pond,9.9,7.64,4.04,7.35,31.7,19.62,4483,None,74.78,83,24,88
Tap,7.44,7.32,2.8,4.26,11.08,16.13,3719,Chlorination,42.98,483,11,30
Well,7.4,6.57,4.68,4.48,20.78,0.73,4771,None,90.87,41,32,67
Well,2.48,6.5,4.05,3.04,17.22,3.53,2696,Boiling,82.83,201,8,67
Spring,8.34,8.27,0.78,7.97,0.57,16.42,4266,Chlorination,48.68,250,0,11
Well,4.05,6.66,1.94,6.4,15.66,1.74,808,None,86.36,386,49,16
Spring,9.62,6.7,3.34,9.65,24.3,18.84,2151,Chlorination,91.4,84,22,84
Tap,0.81,7.03,4.69,8,29.99,20,3293,Chlorination,78.88,483,27,28
Well,4.36,6.35,4.94,3.72,46.73,17.73,1305,None,37.03,182,2,85
Pond,5.56,7.27,3.82,4.13,11.96,14.78,3459,Filtration,98.9,265,37,35
Pond,4.05,7.66,2.87,6.51,7.62,9.75,2419,Filtration,35.32,70,35,79
River,2.11,7.97,3.78,9.47,43.47,1.65,4224,Boiling,75.81,21,43,62
Spring,5.93,7.78,1.37,4.73,47.09,14.61,1196,Boiling,37.74,406,43,14
Well,7.56,6.37,1.42,8.78,24.4,7.94,4567,None,93.38,75,4,29
Pond,6.45,7.14,3.27,5.19,5.76,11.4,3524,Chlorination,54.5,486,28,50
Tap,2.34,6.1,4.36,4.89,24.27,5.87,1525,Chlorination,65.81,268,12,10
Tap,7.32,6.04,4.85,9.31,5.47,4.84,1599,Filtration,42.51,167,43,56
River,2.57,7.1,1.71,3.33,44.16,6.49,1044,Filtration,68.26,378,3,12
Tap,1.75,6.63,3.98,7.63,35.41,16.28,2153,Chlorination,95.72,396,5,86
Tap,6.91,7.71,4.26,3.3,12.06,8.53,1867,Chlorination,93.11,352,37,54
Well,8.43,7.81,3.12,8.61,44.33,6.23,1375,Boiling,34.47,350,5,97
Spring,4.82,8.24,1.74,8.81,31.9,8.66,611,Chlorination,56.48,239,10,62
Lake,5.31,7.9,3.1,9.25,47.66,0.65,3316,Chlorination,48.72,50,26,83
Tap,3.03,6.12,2.92,4.3,49.02,17.81,1598,None,63.7,447,45,1
Tap,4.95,6.93,3.03,3.87,0.16,11.04,4949,Chlorination,88.36,475,34,71
Lake,1.32,6.68,3.1,6.52,6.01,2.1,1977,Filtration,81.72,82,39,81
Tap,9.56,6.97,4.24,4.9,27.35,5.77,4397,Filtration,54.08,468,3,55
Well,8,6.4,0.85,7.24,47.79,19.67,638,Boiling,56.79,351,26,6
Well,6.68,6.24,1.84,6.6,49.71,11.86,4166,Boiling,75.8,89,15,42
Lake,5.38,7.3,2.93,4.01,28.37,5.83,1922,None,43.6,381,17,30
Pond,7.92,7.8,1.42,8.17,8.69,8.53,645,Boiling,37.19,12,6,60
Tap,4.95,7.75,4.89,8.63,8.15,5.17,4269,Chlorination,46.98,156,10,21
Pond,3,7.13,1.32,9.74,38.19,0.64,1998,Chlorination,38.68,198,7,61
Tap,1.6,7.31,2.35,5.77,29.6,16.84,89,None,54.64,430,5,27
Spring,6.48,7.29,4.39,5.36,27.44,5.85,3278,Filtration,95.63,153,47,24
Tap,9.29,7.73,0.4,4.35,23.29,16.77,2366,Chlorination,38.42,197,4,64
Well,1.54,6.12,4.1,4.27,36.26,9.57,823,Chlorination,87.28,223,5,31
River,1.8,7.77,2.86,5.25,42.9,3.66,550,None,67.43,483,37,88
River,4.34,7.46,0.16,9.87,15.15,16.04,59,Filtration,74.3,117,1,47
River,8.07,6.5,4.51,3.65,11.05,7.54,4222,Boiling,41.91,150,30,79
River,2.94,6.12,0.2,4.82,33.51,14.15,4178,Chlorination,40.6,243,38,92
Pond,2.54,6.27,2.58,3.6,45.74,16.74,1243,Filtration,41.39,74,31,23
Pond,6.2,7.31,0.25,4.92,17.41,19.26,3479,None,76.69,439,8,80
Tap,5.36,7.9,0.36,3.65,13.62,1.72,945,None,82.35,212,14,41
Pond,0.6,6.84,4.44,6.56,11.31,0.17,1640,Filtration,94.42,274,20,69
Tap,0.81,6.95,3.83,6.07,12.72,10.97,1952,None,57.87,353,45,77
Spring,6.43,8.34,0.98,4.22,6.75,5.28,2633,Boiling,62.34,496,27,89
Tap,4.65,6.53,3.1,4.22,29.84,9.38,3501,Filtration,62.87,366,44,91
River,9.71,6.26,3.97,7.38,14.04,1.45,889,Boiling,48.89,243,26,35
Lake,6.79,6.86,4.45,5.71,30.75,10.03,573,None,52.98,177,4,30
Lake,0.1,7.86,2.34,3.39,4.15,2.5,512,Boiling,89.28,107,16,26
Well,4.81,7.57,4.49,9.44,5.77,16.77,4160,Boiling,54.06,290,36,65
Well,4.14,7.04,2.54,5.83,26.81,15.19,1964,Boiling,90.84,176,23,82
Tap,1.07,8.41,3.44,7.14,25.58,1.48,4051,Boiling,51.37,478,30,91
Lake,9.23,7.84,4.9,9.2,13.58,16.73,2230,Filtration,53.79,173,34,44
River,8.05,6.15,1.18,5.82,41.36,6.5,2283,None,69.22,92,40,43
Pond,2.3,7.86,0.84,8.74,9.35,7.06,4984,None,37.22,453,40,56
River,2.56,6.06,1.71,9.4,18.03,3.6,611,Chlorination,94.54,99,3,20
River,0.32,7.63,0.82,4.22,27.78,16.71,437,Boiling,87.43,180,19,54
Tap,2.97,6.53,1.42,9.25,43.36,8.09,1459,Boiling,76.94,158,42,14
Tap,5.85,7.74,3.71,3.84,20.93,0.98,523,Chlorination,99.17,95,16,33
Spring,4.21,6.77,2.39,4.93,19.93,19.32,3577,Chlorination,31.12,231,45,2
River,9.69,8.18,1.88,8.66,28.98,5.12,4895,Boiling,58.77,250,9,0
River,0.56,6.84,1.84,9.3,15.83,18.72,3398,None,90.08,339,36,23
Tap,5.91,7.55,0.97,7.79,35.46,6.02,2261,Chlorination,60.31,405,20,42
Tap,8.58,6.71,2.24,3.73,12.43,16.63,1023,Boiling,30.37,66,20,26
Spring,4.81,8.29,3.12,6.66,41.16,13.28,1579,None,41.04,391,48,8
Spring,0.03,7.95,0.7,7.01,13.62,17.23,321,Filtration,60.39,236,15,87
Well,2.43,6.61,4.86,4.97,49.64,19.52,3126,Chlorination,76.76,18,32,16
Lake,3.24,8.37,2.22,9.94,15.82,17.43,2831,Chlorination,41.39,286,9,91
River,9.66,6.89,4.74,5.35,43.94,8.07,4275,None,61.36,287,43,38
River,9.12,7.63,0.67,4.47,19.87,16.29,2427,Filtration,30.9,206,17,54
Spring,9.49,7.86,3.84,3.77,12.3,14.23,2980,None,63.43,310,32,67
Spring,8.26,6.06,3.09,5.65,11.31,1.23,3757,Chlorination,92.71,102,28,92
Well,3.52,8.4,4.1,7.85,42.51,18.6,449,Filtration,71.77,158,30,44
Lake,9.06,6.86,3,4.62,15.44,9.32,1284,Boiling,60.85,194,23,27
Well,9.82,6.47,4.81,8.39,16.93,2.69,3518,Chlorination,41.36,50,11,55
Lake,3.5,8.13,3.13,3.95,9.85,8.51,1660,None,44.17,377,19,28
Pond,2.61,7.76,3.92,6.08,48.07,12.06,903,None,35.36,223,5,28
River,5.47,6.22,4.39,7.92,12.24,11.46,1177,None,81.97,201,7,68
Well,1.87,6.29,3.57,3.95,12.37,11.5,329,None,35.4,91,13,10
Spring,0.33,7.79,2.62,7.18,47.19,5.12,636,None,56.88,154,4,1
Well,9.46,6.19,1.36,8.59,45.04,12.65,1889,Chlorination,82.49,175,35,67
Pond,9.26,8.29,4.27,7.17,12.45,18.15,1867,Filtration,79.9,109,47,9
Well,1.63,7.85,2.4,6.58,43.24,7.77,2515,None,70.43,487,37,71
River,4.08,6.84,3.1,8.87,12.49,12.61,412,None,69.99,298,2,86
Pond,8.31,6.91,0.4,9.9,4.22,4.88,3833,Boiling,36.32,222,35,26
Spring,6.61,7.27,2.49,4.27,41.02,0.97,2415,Boiling,42.24,178,21,86
Spring,3.95,6.9,3.49,7.84,38.58,11.71,2586,Filtration,67.43,225,7,97
Tap,7.44,7.96,2.92,3.56,14.73,0.95,1564,Chlorination,54.37,452,13,34
Pond,8.97,8.44,2.24,3.3,4.51,14.47,4610,Chlorination,31.33,74,6,80
Tap,9.26,7.46,1.12,4.97,10.32,13.41,480,Filtration,85.87,70,3,49
Tap,3.79,7.12,1.55,9.8,38.55,7.39,2275,Filtration,75.77,327,18,73
River,1.74,6.56,3.5,6.87,48.24,8.23,3840,Filtration,52.8,208,42,1
Well,9.13,7.63,1.12,4.88,12.95,18.36,3311,None,36.87,491,46,16
Spring,0.93,7.71,3.11,3.93,40.91,0.26,2882,Chlorination,71.38,433,23,94
Spring,7.22,7.71,2.95,9.44,11.4,11.27,3743,Filtration,54.4,444,15,79
Well,1.4,6.07,4.85,5.54,33.98,18.47,2519,Boiling,47.88,102,5,23
Spring,3.89,8.25,0.3,5.15,4.18,18.28,4613,None,80.5,40,43,56
Well,4.12,6.85,0.54,9.01,29.26,11.69,4400,None,52.97,434,7,70
Pond,1.59,7.86,2.53,7.23,13.46,7.62,654,None,39.52,333,24,82
River,9.23,7.9,2.64,4.18,46.29,1.98,1977,None,63.72,279,31,15
River,0.03,7.63,0.2,5.95,14.49,3.48,180,Filtration,87.99,29,24,96
River,8.94,6.99,4.13,9.5,19.92,13.59,4125,None,89.48,242,9,35
Well,8.84,7.52,2.47,9.31,42.03,0.33,3019,Boiling,89.45,51,42,44
Well,3.17,6.1,1.73,3.49,21.91,17.67,764,Boiling,59.46,433,40,9
Lake,7.04,7.9,1.59,4.88,11.92,11.76,4135,Filtration,85.37,56,16,62
Spring,2.53,6.25,4.31,4.08,27.38,0.9,2366,None,89.52,189,45,42
Spring,7.59,6.99,0.98,6.74,42,4.8,3298,Boiling,62.17,78,2,50
Lake,5.61,6.26,0.8,8.25,21.66,11.88,2779,Chlorination,52.31,372,8,78
Lake,3,8.09,1.07,5.07,6.64,0.71,4987,None,79.14,436,17,2
River,4,7.38,3.13,8.31,19.15,15.6,2371,Filtration,93.31,195,48,65
Lake,6.9,7.73,4.05,7.68,47.72,18.4,3390,Chlorination,98.05,460,29,34
Well,9.06,7.71,1.65,8.1,3.6,19.22,1782,None,50.32,196,4,90
Tap,1.31,8.1,0.87,9.64,20.42,14.67,4780,Chlorination,96.93,30,31,68
Well,5.71,6.33,1.05,5.97,32.4,17.14,1064,None,64.95,331,26,78
Lake,2.54,7.65,3.1,5.4,3.93,12.21,2456,None,51.42,29,20,35
Spring,8.01,7.44,1.23,7.79,17.25,9.17,1346,Boiling,99.19,112,23,48
Well,0.7,6.08,4.39,8.65,47.03,14.26,2227,Chlorination,91.45,137,37,96
Spring,6.89,6.5,0.52,4.34,1.53,4.48,1182,Chlorination,78.47,221,2,0
Well,1.75,6.67,0.16,8.93,37.59,2.2,4132,Filtration,92.65,473,15,75
Spring,5.96,6.18,0.44,3.4,42.07,15.24,2453,Filtration,77.7,171,14,41
Pond,8.36,6.89,4.23,3.04,13.85,19.16,538,Chlorination,60.83,389,24,40
Well,7.55,6.07,3.26,4.11,10.74,11.55,2423,Boiling,96.36,154,7,72
Spring,7.53,7.38,4.79,9.85,45.74,9.65,2303,Boiling,97.43,275,40,56
Tap,5.18,6.53,1.68,6.66,38.2,10.69,248,None,51.99,219,3,19
River,8.91,6.72,1.06,3.33,5.67,9.57,4788,Filtration,54.81,275,31,93
Well,5.88,8.28,2.81,9.98,10.61,8.84,1040,Filtration,56.79,11,44,13
Tap,9.18,7.26,2.69,8.21,31.07,18.94,1391,Filtration,87.55,492,34,86
River,5.47,6.67,2.96,8.87,20.97,9.6,2172,None,85.38,84,29,92
Well,5.06,7.5,1.74,4.49,25.21,1.62,1335,Boiling,98.82,221,38,98
Tap,2.22,6.5,0.03,3.74,47.58,15.31,2259,Filtration,62.56,48,47,51
Tap,5.45,6.19,0.18,6.61,21.01,7.83,499,None,81.57,179,48,90
Pond,1.41,6.05,3.32,8.41,44.08,14.21,810,Chlorination,89.97,9,29,53
Tap,8.7,8.38,2.62,7.46,33.04,11.59,4984,Boiling,45.49,498,16,48
Pond,6.76,7.81,4.11,7.42,6.08,14.26,3713,Chlorination,73.44,260,18,90
Lake,9.94,8,1.5,8.3,37.23,1.24,3704,Filtration,68.34,319,30,29
Spring,0.92,8.45,4.08,4.59,26.01,0.68,1210,None,82,185,16,2
River,2.41,8.33,2.13,7.63,11.25,7.57,3745,Boiling,78.68,228,1,11
Spring,8.77,7.84,0.48,5.74,14.48,13.86,1986,Filtration,86.9,391,36,30
Spring,3.95,7.73,4.89,3.49,27.87,4.47,1491,Boiling,51.78,157,47,36
Pond,4.66,6.84,2.56,4.41,30.09,8.67,4270,None,45.14,272,28,26
Spring,8.61,6.26,3.15,8.56,48.41,19.62,3048,None,86.36,322,29,23
Tap,5.22,7.43,3.35,9.27,42.74,4.3,4919,Filtration,55.24,20,42,40
Pond,1.93,7.44,1.81,4.98,10.29,16.96,2934,Boiling,50.13,15,21,63
Spring,8.92,8.38,3.74,4.33,38.7,16.51,4364,None,53.58,479,37,10
Pond,0.31,7.11,4.35,3.19,0.41,17.83,1817,Boiling,34.64,282,10,90
Lake,8.95,7.73,1.94,9.63,6.49,18.3,4319,Boiling,84.12,114,32,72
Pond,0.51,7.44,3.29,7.79,9.99,10.15,1275,Chlorination,80.06,5,18,15
Well,6.66,6.44,3.79,9.7,29.86,13.64,3022,Filtration,68.69,297,2,13
Tap,0.72,7.48,0.95,9.05,9.73,12.38,2877,Filtration,80.13,399,39,46
River,7.06,7.35,1.66,5.38,18.26,6.18,4014,Boiling,56.12,428,21,29
Well,0.34,7.23,0.54,3.79,12.14,5.6,4087,Chlorination,50.68,258,17,23
Well,8.42,7.28,3.01,6.49,16.87,6.83,1147,Boiling,90.36,39,44,12
Well,4.66,6.41,4,3.19,47.12,4.37,237,Filtration,59.57,275,29,96
Spring,0.93,7.16,3.05,4.05,49.87,15.15,2122,Filtration,43.71,231,0,8
Pond,7.07,7.51,0.9,4.63,34.29,19.29,4595,Boiling,82.43,6,19,48
Pond,4.89,7.22,2.73,7.66,28.62,17.36,1545,Boiling,53.51,314,48,25
Spring,1.91,7.22,4.17,6.57,35.42,4.36,3983,Boiling,44.83,394,4,48
Tap,0.16,6.19,1.51,5.12,38.58,1.04,4363,Filtration,31.9,92,11,41
Spring,4.18,6.48,4.16,6.95,36.95,15.14,986,Boiling,97.94,307,10,44
Spring,0.86,6.8,3.92,3.88,4.09,7.8,1623,Boiling,62.71,386,23,76
Spring,0.94,7.05,0.11,8.29,15.51,16.49,3121,None,41.32,20,17,20
Tap,2.67,7.48,1.2,7.98,17.17,15.58,3726,Filtration,83.05,436,7,28
Tap,6.3,8.16,2.71,4.52,18.46,12.51,3901,Boiling,92.14,479,28,91
Lake,5.3,6.4,3.59,7.24,17.22,5.11,722,Chlorination,66.96,413,21,23
Lake,0.69,6.04,4.4,6.52,39.35,2.08,1095,Filtration,31.99,486,44,76
Lake,9.68,7.12,3.21,3.43,37.38,5.05,3827,Boiling,55.56,10,1,41
Lake,8.87,7.08,1.9,4.95,0.23,10.2,4285,Boiling,47.02,464,22,83
Pond,2.59,7.38,0.92,10,14.82,19.59,995,None,74.55,408,15,70
Well,1.22,8.08,3.8,3.7,31.18,1.27,4661,None,66.32,49,43,40
Well,9.42,8.01,1.03,6.54,6.01,4,992,Filtration,54.9,472,7,47
Lake,4.61,6.25,3.48,8.95,3.56,12.55,2783,None,75.4,264,3,78
Lake,3.11,8.33,0.91,5.1,41.42,6.09,155,None,70.91,44,13,88
River,4.9,6.28,0.46,4.82,22.63,17.17,1895,Filtration,93.45,284,8,98
Well,7.73,7.59,1.26,9.24,42.78,2.79,1776,Chlorination,71.78,317,10,76
River,1.68,7.68,1.42,5.13,41.18,19.26,4768,Boiling,65.54,270,47,42
River,7.67,7.7,3.24,7.56,44.67,18.25,2116,Boiling,87.66,274,37,7
Spring,7.49,6.66,0.8,8.18,2.41,17.75,2420,None,44.17,398,43,84
Pond,5.39,6.83,4.65,8.52,9.31,3.46,54,Boiling,47.05,422,15,62
Tap,8.66,7.37,2.77,9.96,14.81,6.59,84,None,84.85,34,12,62
Well,1.32,6.5,2.45,8.62,6.81,16.08,2888,Filtration,60.96,487,35,5
Lake,5.95,6.05,2.17,7.6,24.27,16.16,4687,Filtration,58.65,140,43,73
Lake,4.49,7.41,2.83,9.27,39.95,14.1,2779,Filtration,92.1,143,35,51
Tap,4.22,7.16,0.11,9.34,47.56,8.96,2669,Boiling,72.71,322,16,20
Well,2.53,7.64,4.95,9.81,44.48,6.23,3836,None,86.2,244,13,13
Lake,3.72,6.37,2.79,8.44,22.87,19.26,1008,None,86.69,350,28,57
Lake,1.08,8.1,0.18,4.36,31.82,2.79,2364,Boiling,38.4,310,16,96
Spring,2.52,6.37,2.95,7.97,11.53,0.88,3686,Filtration,75.76,192,0,24
River,2.72,8.23,2.19,3.53,20.15,0.18,4347,Chlorination,96.68,34,19,55
Lake,7.21,7.12,0.12,5.23,43.56,15.5,2199,None,63.6,271,32,82
Pond,0.49,7.37,4.62,3.81,1.46,1.13,1359,None,81.25,384,1,8
Well,6.51,8.24,0.05,9.65,26.64,10.77,909,Boiling,69.67,177,16,99
Pond,2.21,6.75,2.89,5.37,43.64,7.35,3439,Chlorination,44.34,269,22,35
Tap,0.82,6.45,4.81,7.99,6.1,2.94,2913,Filtration,43.66,317,21,56
Spring,3.01,7.11,1.19,7,49.13,14.81,4695,None,60.37,390,0,78
Well,2.24,6.61,1.27,3.75,0.62,1.1,1006,Boiling,63.81,150,11,4
Spring,5.52,7.32,0,6.93,44.31,6.37,3052,Chlorination,65.22,98,12,80
River,3.57,6.69,0.33,7.63,17.68,11.24,1143,Boiling,96.85,446,13,93
Lake,9.66,8.16,0.22,9.17,6.63,8.05,4398,Chlorination,37.02,28,9,6
Well,9.64,7.52,4.11,3.49,7.87,5.18,3220,Boiling,56.64,149,11,5
Tap,4.44,6,4.18,5.07,35.06,18.52,1224,Chlorination,66.02,207,21,78
River,7.95,8.01,3.63,7.85,43.54,18.62,3878,None,97.42,348,17,51
River,0.13,6.83,1.76,3.24,32.05,8.32,4495,Chlorination,65.3,261,38,73
Spring,5.48,6.8,4.11,4.42,46.44,7.87,67,Filtration,84.27,209,18,69
River,7.43,6.96,2.7,4.53,42.12,6.15,4249,None,82.45,412,29,54
Well,2.17,7.58,1.52,7.69,0.45,17.12,1014,Filtration,69.65,88,14,76
Spring,0.61,7.11,2.19,5,33.47,11.36,181,None,39.15,236,38,13
River,1.56,7.57,0.33,7.2,15.23,1.79,4620,Chlorination,45.31,247,13,0
Tap,4.42,6.37,4.72,9.76,22.73,17.07,4115,None,46.81,257,8,96
Pond,5.06,8.43,3.1,8.55,4.7,10.7,4946,Boiling,32.71,491,4,82
Well,3.81,7.82,3.66,5.33,14.1,8.31,2945,Chlorination,56.55,191,32,72
Tap,4.4,6.63,3.38,6.31,31.63,6.76,2057,Boiling,72.74,95,47,36
Tap,4.7,7.81,3.34,4.4,10.92,1.99,2747,Boiling,40.1,35,4,48
Spring,7.69,7.44,0.09,3.11,32.38,19.13,1880,Boiling,42.25,95,23,11
Lake,1.05,6.27,2.63,5.03,46.15,14.82,3602,Boiling,79.49,488,7,4
Spring,7.69,6.45,4.11,5.59,0.25,2.64,654,Filtration,41.85,403,18,69
Well,6.89,6.1,0.22,6.95,39.29,10.23,3686,Chlorination,39.47,438,11,10
Well,7.42,8.02,4.78,9.61,32.07,11.11,2288,Boiling,98.45,36,7,52
Spring,7.34,7.38,2.12,9.63,2.33,3.36,2199,Filtration,31.03,233,7,54
Lake,4.71,6.79,1.45,3.49,39.51,8.54,2831,None,52.78,101,37,73
Spring,2.11,6.32,2.66,7.3,11.23,12.91,3408,Boiling,32.45,480,19,78
Well,5.37,7.21,4.01,3.3,13.29,5.68,2235,Boiling,88.66,179,28,49
Lake,9.58,7.31,2.37,7.54,4.68,6.63,2511,Filtration,70.85,324,40,52
Well,5.89,7.75,3.23,3.82,26.72,2.44,721,None,33.36,69,33,54
Lake,0.11,8.42,2.5,9.62,24.91,8.26,3248,None,73.08,405,17,91
Lake,0.6,7.09,3.16,9.05,17.36,11.68,1200,Filtration,38.62,468,0,2
Spring,9.93,7.02,0.69,3.16,8.44,2.33,4976,Boiling,64.7,466,10,15
Spring,0.72,6.92,0.19,8.47,41.9,12.3,2462,Chlorination,76.86,106,46,44
Spring,0.46,8.07,0.68,7.45,43.82,7.96,4673,Filtration,40.4,270,43,80
Lake,3.53,6.39,1.43,6.47,27.03,13.56,309,Chlorination,64.79,353,34,35
Lake,9.69,6.86,1.27,7.22,12.21,6.3,1025,Boiling,62.02,46,31,18
Well,3.19,7.81,3.08,7.75,4.81,11.37,4412,Boiling,94.1,454,41,3
Tap,4.1,6.04,2.28,9.19,43.43,12.26,1532,None,99.7,464,15,58
Spring,6.34,6.72,0.19,8.37,4.8,13.81,3643,Boiling,75.81,107,5,88
Pond,0.24,7.6,0.17,7.03,0.66,15.14,367,None,89.84,363,8,90
Well,8.98,6.46,0.45,8.77,23.47,2.73,4650,None,75.28,68,39,11
Well,5.19,6.76,1.77,9.91,36.56,19.3,2652,Boiling,91.34,307,21,62
River,4.67,7.22,0.03,5.1,22.88,16.87,1249,None,60.33,422,47,55
Spring,8.61,7.06,2.47,3.83,2.57,11.25,2983,Boiling,72.56,1,7,26
Well,9.53,6.27,1.8,8.12,34.5,17.81,4575,None,89.16,218,31,67
River,4.23,8.35,2.78,9.85,32.12,7.65,3028,None,94.27,44,25,23
Pond,1.72,6.11,3.6,3.82,34.08,0.69,3134,Boiling,31.73,407,17,80
Pond,8.16,7.87,1.25,6.02,10.56,14.54,4095,Chlorination,37.28,232,36,25
Spring,4.03,6.18,0.79,3.44,39.78,18.87,939,Filtration,95.18,188,11,81
Lake,9.36,7.17,1.39,8.44,23.96,3.24,4109,Boiling,69.8,366,37,21
River,9.5,6.44,0.01,9.64,26.82,12.88,4237,None,99.31,347,33,69
Lake,1.15,6.35,0.6,6.49,27.29,16.27,4023,Filtration,85.48,121,3,18
Pond,9.57,6.31,3.75,5.87,14.34,18.1,3691,Chlorination,87.27,494,15,33
Pond,3.68,7.13,1.11,9.35,12.51,5.53,589,Boiling,57.03,64,23,10
Tap,6.46,7.29,4.97,3.93,0.24,2.57,1782,None,48.03,436,13,87
Tap,0.35,6.33,0.84,9.24,19.83,4.96,4568,None,71.88,371,16,44
Tap,8.89,8.45,3.94,5.74,24.26,11.55,1207,Boiling,91.53,148,30,36
Tap,6.42,6.64,3.53,6.92,37.14,18.37,4412,None,80.8,248,3,22
Well,6.44,7.15,1.61,6.7,3.33,11.65,4540,Filtration,63.05,382,49,39
Tap,9.02,6.54,1.65,7.31,46.2,18.39,2343,None,82.72,475,43,42
Well,5.08,7.23,2.82,9.59,13.2,15.4,846,Filtration,78.33,66,33,3
Well,4.11,7.89,4.26,9.66,18.34,11.97,2424,Filtration,93.91,349,37,81
Spring,8.66,7.3,1.93,8.82,2.42,0.44,4680,Boiling,48.45,384,37,93
Well,7.42,6.71,0.31,4.34,32.66,6.66,798,None,38.35,58,2,14
Well,9.49,6.62,1.87,5.33,35.45,1.15,470,Filtration,62.9,114,7,22
Tap,9.4,7.9,1.04,6.41,46.44,6.44,3909,None,55.28,115,11,11
Well,3.82,6.3,4.7,9.34,16.84,1.25,4827,Filtration,98.24,236,34,67
Lake,4.47,6.92,3.49,6.65,12.87,3.36,2094,Chlorination,30.53,46,1,67
Tap,2.56,6.38,0.25,9.84,36.3,8.21,2994,Boiling,95.34,108,28,51
River,6.61,6.64,1.46,9.89,35.34,10.3,3129,Boiling,96.86,273,22,40
Tap,3.65,6.38,0.25,7.19,46.86,4.34,1313,Boiling,33.57,112,32,77
Well,7.86,8.22,4.15,9.14,10.27,14.65,2878,Filtration,92.27,32,49,58
Lake,1.22,7.83,4.53,9.99,35.26,11.81,3515,Chlorination,62.95,398,17,57
Tap,1.16,7.4,0.56,8.95,3.34,13.84,1047,Filtration,83.63,279,39,58
Lake,2.04,6.56,2.2,7.6,24.02,14.66,1087,Boiling,35.55,291,21,71
River,0.84,7.28,4.66,8.92,5.97,14.54,3681,Filtration,96.86,315,13,22
Pond,6.2,7.3,0.73,3.58,32.66,18.72,282,Boiling,72.53,161,28,0
River,1.47,7.48,1.46,7.44,30.07,4.74,3648,None,92.91,89,44,55
Pond,1.6,6.15,1.52,4.52,2.44,5.4,1398,Filtration,77.11,50,14,74
Spring,0.14,8.43,0.15,3.81,15.98,1.88,2733,None,67.58,423,14,90
Pond,7.82,7.16,0.18,9.25,19.75,11.85,4067,Filtration,42.07,405,44,3
Spring,8.12,8.32,4.76,7.48,12.4,7.9,2357,Boiling,42.46,143,3,28
Tap,1.62,6.02,2.86,4.7,1.93,9.92,2935,None,63.08,103,35,16
Spring,7.4,6.62,1.53,5.71,15.94,3.4,3818,Filtration,90.93,169,4,48
Lake,4.34,6.26,1.89,9.81,39.63,12.98,3238,Boiling,38.07,15,2,82
Spring,2.4,7.92,3.57,9.04,18.01,12.38,1772,Filtration,99.89,132,11,50
Lake,6.21,6.8,1.83,3.11,16.17,5.3,4077,None,91.31,498,19,48
Pond,1.78,8.1,1.14,9.86,47.09,9.31,4102,Filtration,57.48,389,43,23
Pond,7.57,8.08,0.51,5.58,2.08,17.89,787,Filtration,47.72,169,19,43
Pond,0.48,7.67,3.64,7.87,38.36,15.47,3224,None,94.54,471,38,40
Spring,9.59,7.66,0.9,7.99,24.15,4.54,42,Boiling,38.62,29,38,56
Pond,0.72,7.75,0.35,9.38,47.22,17.58,4296,Filtration,54.31,484,0,55
Spring,5.79,7.68,2.13,9.2,19.67,1.35,2942,Filtration,35.87,159,43,31
Spring,9.02,6.97,0.2,4.97,35.4,8.28,4643,Chlorination,96.74,436,2,30
Well,0.12,7.71,4.82,7.5,3.5,1.6,4321,Chlorination,73.23,146,46,15
Well,4.99,8.24,3.14,5.76,46.44,18.48,3905,Boiling,53.53,306,8,31
Spring,3.5,6.83,0.76,6.68,17.23,0.81,4728,None,49.28,236,19,41
Lake,5.8,8.36,0.86,6.88,26.2,3.02,3410,Boiling,61.09,411,8,33
Tap,2.25,6.03,2.85,5.77,6.92,18.3,1358,Boiling,36.4,174,30,98
River,0.65,6.87,1.78,6.25,47.28,11.64,1204,Boiling,92.25,71,45,36
Well,6.26,6.33,3.87,4.46,33.65,15.9,3604,Filtration,65.77,383,27,15
Spring,4.17,6.32,2.73,7.25,2.7,0.33,2993,Filtration,80.76,362,34,84
River,6.22,8.04,2.17,8.31,7.76,8.38,2241,Boiling,46.36,126,39,12
Well,2.11,8.3,4.81,6.01,19.99,19.69,537,Boiling,65.26,384,37,81
Tap,3.39,7.94,1.95,9.84,10.84,11.6,4011,Chlorination,44.78,195,43,65
Lake,5.62,8.44,2,3.4,15.23,16.99,3868,None,87.13,184,1,32
Spring,5.93,6.54,3.33,7.12,49.87,19.27,4576,Boiling,84.27,149,2,81
Tap,3.72,6.35,4.05,7.09,32.93,13.7,4525,Chlorination,40.37,213,13,91
Well,2.8,7.3,3.13,3.25,46.11,6.55,3583,Boiling,35.22,93,16,34
Spring,2.74,8.07,3.49,4.57,21.79,6.17,1350,None,87.69,57,34,36
River,1.75,6.1,1.86,9.34,35.51,1.43,944,Boiling,37.68,218,3,75
Pond,3.25,8.49,2.4,6.81,22.98,8.56,3856,None,68.39,218,46,39
Lake,1.99,7.51,0.99,6.05,16.41,18.31,1823,Filtration,67.41,12,29,7
Well,6.34,8.45,3.4,5.91,25.96,9.56,2625,None,44.21,422,38,53
Lake,5.69,6.91,1.11,9.22,21.37,18.22,3898,Boiling,71.39,282,13,88
Spring,3.83,7.15,0.01,5.57,49.03,16.34,3487,Chlorination,65.19,422,47,6
Pond,3.26,7.88,4.67,9.01,24.81,19.68,4206,Filtration,65.64,485,26,1
Tap,2.38,7.98,1.53,5.16,40.56,18.95,4307,Chlorination,55.18,376,12,96
Lake,5.35,6.58,0.98,6.72,33.34,14.13,850,Boiling,88.69,455,19,55
River,9.19,8.32,1.34,4.01,23.98,17.42,2925,Filtration,35.91,139,48,96
Well,6.86,8.17,1.65,8.78,23.71,14.96,995,Chlorination,60.7,407,48,56
River,7.44,6.05,2.37,8.15,17.09,14.07,4761,Boiling,48.19,273,23,48
Lake,8.34,6.32,0.35,6.71,5.35,14.31,349,Chlorination,89.39,118,9,86
Pond,3.52,7.24,0.26,3.18,38.07,14.42,1537,None,45.76,270,6,68
Tap,0.63,7.15,1.46,6.37,45.9,7.59,2977,None,83.69,443,16,77
Tap,6.23,7.77,1.48,4.58,10.9,8.47,2728,Boiling,72.81,399,21,7
River,1.89,6.22,0.59,5.89,46.28,5.88,4346,Chlorination,91.24,96,43,83
Spring,5.69,7.61,2.02,8.99,11.62,2.97,2366,Boiling,71.57,329,10,62
Spring,7.4,7.54,1.42,8.39,26.5,9.17,2236,Chlorination,68.95,46,41,81
Pond,7.84,6.58,0.13,4.69,17.18,18,3875,Filtration,86.08,151,22,86
Tap,3.02,7.36,4.43,9.89,5.73,13.03,3094,Boiling,69.37,172,21,92
River,5.12,6.56,4.43,9.32,2.64,1.12,3601,Boiling,89.12,274,39,70
River,6.21,6.37,1.05,6.7,18.27,16.22,4174,Chlorination,33.45,346,46,87
River,8.19,7.43,0.81,6.71,2.37,18.71,4641,Boiling,64.66,236,17,45
Lake,7.61,8.44,2.74,9.31,5.21,16.59,923,Filtration,86.89,424,44,88
Pond,9.88,6.59,3.15,7.45,7.11,14.55,618,Chlorination,89.39,30,25,77
Spring,0.08,6.89,4.79,6.76,0.1,3,4400,Chlorination,88.38,212,47,66
Spring,4.37,6.64,1.89,8.24,7.66,6.98,3262,Chlorination,72.31,271,29,45
Lake,2.56,6.67,3.09,4.65,28.86,11.31,3303,Filtration,99.58,406,12,77
Well,1.2,7.01,4.39,9.15,40.98,1.54,2601,Filtration,42.7,77,3,66
Lake,9.12,7.75,2.25,6.72,9.67,2.13,1047,Boiling,42.21,278,42,41
Pond,9.98,6.1,0.61,7.22,4.04,18.69,1698,Chlorination,32.3,40,26,63
River,1.81,8.39,1.89,3.63,36.48,14.05,2230,Filtration,99.25,145,39,72
Lake,0.38,6.12,0.68,5.17,0.41,5.5,1868,None,54.36,419,9,52
River,2.75,8.2,0.08,5.99,36.71,6.55,2654,Boiling,83.34,11,43,70
Pond,8.35,8.24,3.76,5.9,6.56,7.69,82,Filtration,34.18,247,27,89
Pond,2.94,7.31,1.19,8.45,11.41,1.5,92,Filtration,50.91,228,20,6
Tap,0.57,6.34,0.01,4.98,6,14.78,3156,Filtration,73.67,330,10,6
River,0.52,7.41,4.36,4.27,12.37,3.54,3048,Boiling,66.73,452,19,35
Spring,4.27,7.57,2.22,7.08,39.91,16.1,1467,Filtration,44.54,178,35,12
Lake,9.32,8.14,1.19,7.31,6.63,16.92,2024,Filtration,62.31,340,18,66
Pond,2.86,7.38,1.31,3.85,49.71,12.77,4869,None,37.61,159,9,19
River,4.27,7.03,1.2,3.02,16.35,15.4,3817,None,67.99,220,14,72
Well,1.02,8.1,0.97,9.42,46.1,3.44,2698,None,36.79,326,44,52
Tap,4.94,8.45,4.21,3.56,9.5,11.52,791,Filtration,74.52,163,44,85
Well,6.97,7.61,0.85,9.29,9.39,13.54,475,None,40.88,167,17,51
Pond,2.71,8.19,2.81,5.79,28.27,13.23,503,Chlorination,68.3,381,6,96
Well,2.97,7.5,0.39,7.57,2.53,2.35,230,None,39.04,218,29,60
Well,8.42,7.72,4.75,4.3,40.05,6.89,1586,None,58.05,69,13,86
Tap,0.1,7.72,3.02,8.77,21.98,6.5,1774,Filtration,54.63,421,36,86
Tap,6.36,7.76,4.52,4.26,34.96,11.45,3090,Chlorination,82.95,437,40,89
Tap,3.94,6.8,1.99,5.71,8.73,15.3,2256,None,74.88,259,29,95
Tap,2.98,7.44,4.05,4.67,32.12,11.41,3970,Filtration,95.6,429,26,60
Well,6.58,7.49,4.27,8.86,29.7,15.1,4226,Chlorination,94.53,62,48,55
Spring,8.35,6.79,3.51,9.01,37.78,1.98,4838,None,80.75,482,36,91
Spring,5.58,6.87,0.46,5.6,14.87,17.56,383,Filtration,83.94,457,47,93
Tap,0.31,7.91,0.08,5.15,46.66,10.73,3163,Chlorination,73.74,245,40,39
Lake,4.61,7.46,0.84,8.41,48.07,0.75,2409,None,78.42,485,16,80
River,4.63,6.37,0.59,9.15,43.41,12.86,760,Chlorination,73.21,49,29,62
Pond,5.44,8.09,3.63,7.37,28.6,10.35,3952,Chlorination,51.82,285,17,56
Lake,6.71,8.21,2.79,9.49,21.01,4.41,942,Filtration,54.55,233,2,81
Pond,0.19,7.17,2.63,5.68,2.9,15.29,2695,Boiling,70.23,456,27,88
Lake,5.02,6.52,1.26,4.06,47.36,18.67,1296,Chlorination,80.41,15,36,3
Lake,5.88,8.37,0.77,4.26,47.59,6.45,2402,Chlorination,58.43,435,29,25
Spring,3.43,8.21,1.03,7.69,0.93,9.88,2147,Chlorination,39.99,3,20,94
River,6.68,6.61,2,5.85,17.84,2.56,1639,Chlorination,62.16,281,48,61
Lake,2.28,6.24,3.7,4.09,44,18.6,4396,Chlorination,97.42,156,19,75
Tap,3.17,7.1,1.27,5.05,4.04,6.38,608,Boiling,44.99,219,21,53
Pond,9.63,7.69,3.49,6.71,9.83,3.9,881,Filtration,75.43,394,35,61
Spring,3.48,6.44,2.46,3.85,48.93,9.57,2250,Boiling,98.78,347,35,17
Pond,3.47,7.28,4.43,3.02,42.36,0.87,3092,Filtration,56.34,363,20,9
Tap,5.96,7.06,1.16,9.42,45.6,5.06,2159,Boiling,92.15,479,23,35
Tap,9.71,8.23,2.25,5.13,7.11,1.35,2428,Filtration,90.48,407,20,1
Lake,9.83,7.07,0.48,4.55,10.57,2.55,4850,None,53.73,50,6,59
Tap,5.8,7.33,1.68,7.89,30.27,2.24,3001,Chlorination,36.9,41,7,88
River,0.01,8.39,2.53,8.97,25.09,17.45,4891,Filtration,42.5,422,21,46
Tap,9.01,6.75,3.66,7.43,14.93,18.61,1994,Filtration,55.6,134,21,72
Lake,5.7,6.72,0.99,4.78,44.19,9.49,1323,Chlorination,97.14,273,29,31
Pond,3.66,8,1.09,9.03,45.07,12.61,4317,None,49.21,258,33,68
Tap,8.29,6.69,3.16,6.57,14.58,13.92,1011,Chlorination,94.88,190,28,50
Spring,4,8.08,1.91,5.67,7.79,7.83,4038,Filtration,42.7,255,9,66
Spring,0.34,6.24,2.41,7.23,7.45,7.4,688,Filtration,97.89,235,4,80
Spring,8.21,6.28,4.18,7.9,24.22,13.51,4068,Chlorination,50.55,493,48,76
Pond,5.46,8.25,2.5,7.16,6.65,7.53,4213,Boiling,74.32,275,38,66
Well,3.38,7.35,3.26,9.44,23.67,11.62,4269,Chlorination,34.88,353,33,91
Spring,2.51,7.8,3.28,7.4,23.1,10.3,1242,Filtration,50.98,477,37,67
Spring,5.94,6.56,4.02,9.15,44.21,10.49,3447,Filtration,44.75,72,9,81
Well,2.08,6.42,3.19,7.11,14.81,16.59,2044,Filtration,30.24,73,8,55
Pond,3.24,8.09,0.32,5.31,28.03,14.08,440,None,40.97,122,31,98
Spring,6.37,6.9,1.71,6.73,37.17,19.21,1224,Chlorination,71.52,69,4,13
Lake,8.82,7.14,4.95,3.6,29.8,15.82,2462,None,57.29,400,34,15
Pond,5.33,6.07,0.98,4.61,47.7,2.92,4178,Chlorination,80.58,78,10,75
Spring,7.59,6.96,2.93,8.36,30.11,14.77,2752,None,76.98,480,41,74
Spring,7.63,7.93,4.21,7.63,45.09,13.31,1752,Boiling,85.95,247,15,65
Well,6.64,8.05,2.93,4.17,12.25,12.92,4442,Filtration,90.69,186,26,32
Lake,2.46,7.75,1.86,6.07,28.04,9.61,4629,Filtration,87.39,437,19,12
Pond,8.67,7.73,0.4,3.99,27.17,1.25,3002,Chlorination,61.36,140,0,29
Tap,4.36,7.27,1.81,8.99,49.47,19.03,4546,Filtration,51.61,297,25,25
River,0.44,7.35,0.91,3.76,10.23,17.04,3216,None,65.16,43,10,81
Lake,2.45,7.86,4.8,7.58,7.05,9.74,3359,Boiling,67.46,246,14,12
Tap,7.66,6.62,3.58,7.25,30.58,3.17,3942,None,51.92,469,38,67
Lake,0.69,6.58,3.75,6.31,11.18,16.49,3296,None,67.8,335,39,32
Tap,1.47,8.37,2.18,4.95,31.96,8.61,4309,Chlorination,37.4,225,47,14
Tap,6.94,6.07,0.55,5.83,48.62,7.8,4014,Filtration,46.17,66,17,16
Lake,8.93,6.35,1.33,8.64,47.33,13.31,899,None,82.22,455,23,5
Well,6.34,7.43,1.3,8.33,11.56,15.17,1189,Chlorination,42.8,275,27,4
Lake,2.22,7.84,2.43,8.17,8.54,1.26,652,None,39.73,252,24,32
Lake,0.53,7.34,2.3,8.25,28.04,15.35,982,None,50.11,302,22,53
Tap,6.15,6.89,2.17,4.01,29.34,14.68,575,None,55.97,279,10,15
River,0.47,8.44,2.48,3.69,33.11,11.78,332,Chlorination,53,178,32,45
Tap,6.13,7.76,4.94,9.03,37.07,6.77,4307,Boiling,56.22,401,15,23
Spring,2.26,8.08,1.49,8.86,30.05,3.3,288,None,39.79,278,35,4
Lake,9.05,6.1,3.08,7.77,5.59,2.05,2213,None,41.58,128,22,66
Pond,4.75,6.59,1.2,7.24,39.51,0.02,2173,Chlorination,46.51,378,5,98
Lake,2.24,6.94,2.33,5.57,3.98,4.13,3833,Filtration,58.14,114,42,90
Well,8.53,6.46,1,4.57,1,8.23,1055,Boiling,53.51,321,23,75
Pond,2.54,6.18,2.79,7.67,38.48,4.87,4369,Chlorination,85.39,388,37,49
Tap,3.07,6.56,1.33,9.39,27.42,6.18,1324,Filtration,66.79,273,41,40
Well,8.34,7.33,0.18,6.06,34.93,7.81,3595,Chlorination,70.3,463,5,88
Lake,3.09,7.74,4.08,5.12,19.14,6.17,3827,Chlorination,69.24,201,9,54
Tap,4.1,7.94,0.64,4.9,0.55,14.49,2662,Boiling,57.91,116,21,80
Tap,3.48,6.11,1.84,3.17,16.55,9.83,2323,Boiling,98.63,476,22,19
Spring,1.16,7.07,2.39,6.64,30.41,0.39,1882,Boiling,32.61,34,4,91
Spring,0.39,6.31,2.16,9.92,11.29,4.53,3063,Boiling,45.11,408,27,49
River,7.25,7.08,3.63,8.71,34.39,14.19,1153,Filtration,49.93,105,8,34
Spring,6.45,7.08,2.98,9.28,39.72,6.02,3370,None,91.69,248,38,49
Pond,2.82,7.25,1.48,7.35,22.71,18.4,96,Chlorination,94.32,151,48,78
Tap,2.96,8.23,0.26,6.37,43.79,14.25,276,Boiling,89.23,140,43,32
Spring,9.45,8.01,3.84,9.93,42.74,5.8,2847,None,59.19,404,27,66
River,9.88,7.59,1.76,6.13,43.9,10.33,331,Filtration,94.02,489,24,70
Lake,4.73,8.21,4.45,9.42,33.05,13.34,2252,Boiling,36.9,490,42,9
Pond,8.02,7.7,1.98,8.33,15.24,3.87,4198,Chlorination,75.67,294,37,89
Spring,7.37,8.05,3.59,5.32,24.06,4.92,3051,None,95.61,161,26,40
Tap,2.97,7.41,4.7,6.52,35.53,10.14,3696,Boiling,82.84,146,23,39
Lake,0.59,7.31,3.26,5.69,10.53,18.5,2407,Chlorination,49.45,411,42,5
Tap,1.43,7.81,2.07,3.95,36.94,6.88,3202,None,80.23,255,42,32
Lake,8.38,6.05,2.84,5.5,27.4,8.04,2086,Chlorination,50.63,90,45,15
Pond,7.31,7.73,2.72,9.22,4.8,3.81,306,Filtration,37.81,369,15,23
Tap,6.64,8.34,2.92,8.27,27.86,11.86,883,Boiling,80.21,217,1,93
Spring,1.31,7.78,0.73,4.94,3.34,14.8,4289,Boiling,42.55,138,1,59
Spring,6.4,6.09,3.49,5.58,0.72,8.81,3589,Chlorination,37.77,176,4,73
River,7.72,6.94,0.73,7.32,44.48,15,3641,None,68.62,290,45,10
Lake,8.61,8.02,0.07,5.91,24.5,6.05,4344,Boiling,73.44,339,20,43
River,0.13,8.4,3.12,6.52,27.16,14.14,2162,Chlorination,33.57,75,9,85
Well,6.84,6.93,0.58,7.89,14,5.17,3147,Filtration,30.31,56,41,2
Spring,0.19,8.1,3.85,6.27,27.14,15.61,2783,Boiling,91.74,27,17,37
Lake,7.07,8.16,4.33,4.34,8.44,16.61,3141,Chlorination,38.07,321,25,39
Pond,6.36,6.31,4.72,6.64,37.28,15.95,4603,None,70.87,320,19,86
River,1.48,8.11,3.32,5.49,41.17,4.31,154,Boiling,96.75,456,40,18
Pond,7.66,6.81,2.41,5.04,42.79,13.88,3630,Boiling,65.83,149,35,39
Pond,0.68,7.48,1.76,5.3,5.33,10.77,460,Filtration,39.79,306,48,52
Pond,8.26,7.35,2.45,6.07,27.89,19.72,1396,Chlorination,57.54,487,20,76
River,2.62,7.66,0.95,9.21,40.44,7.23,790,None,73.68,346,1,35
Well,6.89,7.85,1.74,8.14,6.41,15.43,3709,Filtration,83.4,392,45,66
River,9.24,7.1,3.59,7.68,4.98,7.4,1867,Filtration,72.49,198,32,85
Tap,3.4,8.22,1.09,6.3,40.85,7.94,1688,Filtration,32.4,163,22,88
Spring,5.03,8.02,1.32,3.01,39.84,2.22,576,Chlorination,40.02,181,38,19
River,4.63,7.96,3.75,5.38,22.43,4.79,3764,Chlorination,56.03,239,30,27
River,1.58,7.15,0.89,8.69,5.49,3.29,2543,Boiling,79.4,421,3,56
Well,5.9,6.09,1.23,5.72,25.81,3.18,361,Chlorination,70.9,241,40,2
Tap,7.43,7.23,0.09,6.95,19.74,0.18,456,Filtration,33.13,65,2,85
River,9.17,8.25,3.6,4.43,25.93,15.88,3249,Chlorination,85.78,170,36,36
Spring,8.51,6.48,3.09,9.41,21.99,9.36,4224,None,72.36,132,9,17
Spring,5.1,8.46,3.47,9.46,28.43,16.08,3561,Boiling,92.1,80,41,83
River,7.19,8.02,1.07,4.02,36.36,12.25,3110,Filtration,59.24,164,31,45
Pond,8.01,7.77,3.44,8.07,38.74,16.63,3529,Boiling,64.31,441,35,4
Pond,4.93,7.69,2.98,3.53,32.45,10.08,4907,Chlorination,58.39,62,48,72
Tap,1.15,7.47,1.83,7.19,9.95,1.88,4968,Boiling,80.57,354,26,92
Spring,4.38,7.8,2.19,4.25,19.86,12.34,349,Boiling,82.65,50,48,80
Pond,8.42,7.05,2.84,4.02,3.56,13.56,2692,Chlorination,80.63,71,18,75
Spring,5.97,8.11,2.47,3.03,22.58,12.53,4547,Boiling,50.41,42,37,56
Tap,7.24,7.74,3.21,9.59,48.52,16.03,4083,Chlorination,74.52,322,0,25
Tap,1.85,7.93,0.9,8.8,32.09,14.63,108,Filtration,53.7,450,25,32
Pond,9.64,7.98,2.7,3.54,7.73,8.65,1231,Boiling,88.39,320,45,96
River,4.04,6.23,2.25,7.2,13.43,16.38,576,None,33.86,317,12,35
Lake,6.54,6.14,2.31,4.63,3.23,13.84,240,None,32.64,215,34,92
Well,0.19,8,2.35,4.85,9.12,2.41,2638,Filtration,37.12,492,1,21
Lake,1.27,6.65,4.41,9.12,24.39,10.8,2041,Chlorination,44.17,190,21,81
Lake,7.82,7.45,4.09,3.8,17.24,14.57,370,Chlorination,32.63,157,38,16
Spring,9.68,7.11,3.15,7.21,10.2,11.07,2152,Boiling,35.01,489,27,43
Tap,3.2,6.06,3.58,5.81,7.33,18.98,97,Boiling,51.42,89,43,51
Spring,0.37,6.1,0.21,4.34,32.8,2.03,4191,None,36.99,421,1,87
Pond,3.61,8.07,3.72,6.16,27.91,14.45,1948,None,86.15,490,10,21
Well,0.17,7.52,2.43,9.58,42.13,16.49,1495,Chlorination,33.77,103,47,68
Pond,1.92,7.31,1.59,8.47,9.16,14.05,2093,None,93.56,50,36,0
River,7.52,8.36,0.7,3.92,42.4,7.71,2937,Chlorination,90.96,253,25,82
Well,9.37,6.43,0.38,8.95,28.9,7.71,2078,Filtration,44.59,106,27,29
Spring,0.87,6.64,0.22,9.56,13.31,11.73,2455,Filtration,35.01,293,25,38
Spring,5.58,7.89,0.81,4.94,13.68,7.94,3446,None,37.39,235,16,78
Pond,2.54,7.94,0.15,5.33,19.52,17.66,1405,Boiling,69.14,497,2,34
Spring,1.39,7.01,3.66,3.88,23.01,2.2,4811,None,72.06,322,13,68
Spring,2.19,8.38,1.24,5.41,4.13,12.78,2691,None,52.09,332,15,69
Lake,5.78,8.35,1.84,7.71,42.1,2.68,2745,None,50.78,355,48,88
River,0.65,6.03,4.11,4.91,6.08,10.8,972,Boiling,67.21,104,35,10
Lake,4.34,6.43,0.57,3.05,24.17,14.31,2748,None,51.39,254,27,50
Spring,1.35,8.05,4.18,5.37,19.15,3.31,1512,Boiling,95.4,303,27,62
Tap,2.73,6.84,3.2,6.17,25.61,14.08,2923,None,56.78,395,24,85
Lake,1.91,6.24,1.71,6.96,44.37,2.8,808,Boiling,45.39,19,8,33
Spring,8.83,7.96,0.59,7.79,49.45,12.41,4694,Boiling,40.22,358,10,54
Spring,7.08,7.14,0.46,3.43,1.01,10.11,4230,Boiling,74.22,491,36,77
River,8.68,7.23,1.68,6.29,19.66,5.96,327,Boiling,52.87,71,42,72
Pond,3.83,6.47,0.7,4.86,40.88,2.23,4294,Boiling,43.22,116,44,19
Well,3.13,7.65,1.34,9.64,16.33,14.72,682,Filtration,49.31,366,20,79
Lake,3.81,7.38,0.26,5.52,32.45,7.64,3331,Chlorination,51.55,129,1,57
Lake,0.19,6.52,2.98,3.7,49.61,1.73,123,Chlorination,73.81,458,33,80
Lake,7.25,6.85,0.73,3.29,32.34,15.46,753,Boiling,42.23,119,41,16
Spring,3.5,7.49,3.78,4.86,5.56,4.66,1606,Chlorination,81.3,212,12,33
River,3.13,8.31,1.09,4.25,42.15,14.73,3578,Boiling,51.34,228,4,74
Spring,5.98,8.3,3.99,7.55,48.33,11.3,4666,None,64.18,182,10,98
Spring,4.36,6.72,0.95,8.93,35.63,3.89,1468,Filtration,75.84,133,28,61
Pond,9.81,7.84,3.61,5.19,20.95,1.53,2845,None,68.05,338,46,33
Tap,3.56,7.94,1.67,7.04,47.42,11.86,2938,None,76.36,477,27,99
River,6.14,8.02,2.92,8.11,48.43,0.5,1926,Boiling,52.58,493,27,71
Lake,3.12,7.43,0.19,5.79,46.76,1.31,2427,None,97.44,230,4,18
Well,9.91,6.03,2.48,3.46,20.59,14.04,164,Filtration,62.13,383,19,96
Lake,4.45,7.9,0.74,4.6,39.49,10.78,1509,None,52.54,363,36,86
Spring,6.34,6.27,2.43,9.18,32.71,6.53,4710,Filtration,50.75,445,38,65
River,1.27,6.29,0.71,8.77,8.99,10.78,4092,Filtration,32.99,432,9,71
River,7.33,7.51,2.19,3.61,26.78,11.83,2810,Boiling,77.94,483,31,92
River,2.69,8.46,0.55,4.57,37.38,11.31,1200,Filtration,48.38,339,28,41
Tap,4.49,6.61,1.1,8.38,44.8,12.85,3281,None,97.13,437,1,50
Lake,8.83,7.61,2.98,6.4,43.13,18.81,618,Boiling,44.73,245,0,70
Tap,9.71,6.76,4.88,8.32,7.73,7.78,2712,Filtration,67.06,393,19,48
Pond,4.25,8.25,2.25,4.48,24.4,6.02,4954,Filtration,81.48,407,0,28
Well,8.35,7.48,3.44,9.67,23.91,0.77,3723,Chlorination,90.91,251,3,94
Pond,0.53,6.52,2.7,8.49,44.94,2.94,1686,Boiling,40.95,224,14,29
Spring,8.48,6.66,2.49,4.38,0.1,2.12,1606,Chlorination,98.98,156,46,98
Tap,6.3,7.08,0.32,6.91,36.94,6.71,4732,Filtration,93.47,118,29,24
Tap,4.89,6.31,0.72,3.79,30.93,12.2,3932,Chlorination,97.4,93,5,67
Pond,8.9,6.2,4.42,5.53,46.08,0.93,3892,None,89.69,227,37,61
Spring,8.45,7.7,2.05,7.62,22.85,14.55,3803,None,91.44,364,0,37
River,2.97,7.02,3.07,5.31,32.88,7.95,4310,Filtration,71.92,389,6,16
Spring,7.91,7.82,2.64,7.6,48.64,19.27,1353,Chlorination,89.17,185,4,73
Lake,0.99,6.28,1.89,4.71,37.2,11.37,4239,Chlorination,67.38,494,48,0
Pond,8.23,7.52,1.94,8.05,3.37,15.43,618,Boiling,67.68,333,6,17
Spring,6.75,7.11,2.78,5.52,8.38,17.22,353,None,69.38,184,35,62
River,0.88,6.14,0.71,8.53,41.07,17.78,280,None,99.74,386,2,45
Spring,6.83,7.36,1.94,3.96,16.74,10.37,3377,Boiling,37.31,279,11,18
Tap,5.81,6.21,2.23,5.53,35.3,7.93,4932,None,86.39,402,14,49
Well,5.95,8.07,4.93,6.25,34.99,11.21,3550,Chlorination,49.13,229,19,95
Tap,2.91,7.58,1.76,5.97,49.69,8.04,1959,Chlorination,55.29,481,40,53
Well,2.66,7.39,3.22,6.03,23.49,4.81,389,None,35.64,264,20,30
Spring,7.63,6.33,0.69,6.11,36.89,6.48,3867,Boiling,54.61,157,31,96
Lake,2.57,6.72,0.33,9.92,2.44,4.66,4360,Filtration,99.35,351,11,85
Spring,4.46,7.23,4.36,4.35,23.13,5.39,2053,Filtration,57.79,76,36,64
River,6.95,7.58,3.65,8.38,9.33,1.87,167,Filtration,76.88,81,39,45
Spring,0.8,6.46,1.59,6.86,42.03,8.53,4945,Filtration,38.45,427,46,34
Well,5.95,6.02,2.52,5.9,42,4.71,2166,Chlorination,94.57,180,6,48
Tap,5.89,6.86,0.68,7.43,11.82,8.97,4269,Filtration,87.94,341,44,80
Lake,6.84,7.21,3.54,8.97,15.91,15.84,3006,Chlorination,57.04,195,30,33
Spring,3.7,6.46,0.35,6.27,35.12,8.97,186,Chlorination,54.39,59,0,28
Spring,4.49,7.23,3.79,9.05,36.91,19.09,4046,Filtration,60.26,150,10,5
Tap,3.3,6.85,2.73,3.66,32.88,2.96,2940,Filtration,58.09,60,44,0
Lake,8.08,7.14,1.39,7.57,49.83,17.01,1297,Filtration,48.06,134,33,54
Pond,1.31,6.87,4.31,5.33,43.43,4.97,2645,None,99.36,427,18,26
Spring,9.63,7.57,4.93,5.71,20.85,18.68,1216,None,86.74,438,10,11
Spring,6.35,6.11,1.27,7,16.35,4.54,4627,Boiling,48.75,330,32,3
Pond,8.87,6.43,4.03,6.36,29.84,14.94,2999,Chlorination,98.72,38,32,79
Well,4.26,7.08,3.75,5.67,40.88,1.24,1205,Filtration,31.09,252,7,51
Well,3.32,6.89,3.74,5.16,23.77,12.6,227,None,60.65,377,44,10
River,9.01,6.98,4.79,7.33,36.88,4.37,2613,Boiling,69.86,442,7,51
Tap,0.99,8.01,2.43,6.54,0.96,13.4,4709,Chlorination,32.63,105,33,83
Lake,1.17,8.22,3.37,5.26,46.29,12.72,2136,Chlorination,41.27,232,39,25
Spring,2.99,6.62,4.12,4.43,38.69,18.47,3731,Chlorination,48.07,353,26,27
Spring,9.6,8.09,2.4,8.42,19.71,12.53,249,None,80.42,388,28,71
River,6.33,7.15,2.41,8.6,19.2,8.16,2272,Filtration,95.78,169,13,65
Spring,5.54,6.68,1.59,4.5,5.14,3.87,2950,Filtration,73.72,216,33,89
Tap,7.05,8.46,3.9,4.83,40.81,13.15,3018,Chlorination,69.39,347,44,26
River,4.17,8.06,3.43,4.67,38.43,2.33,4768,Chlorination,67.57,13,36,96
Tap,7.58,8.49,2.26,9.19,31.51,16.57,2215,Boiling,54.55,410,0,54
River,3.93,6.42,2.1,8.42,5.07,4.95,2157,Boiling,87.94,15,8,70
Spring,8.26,6.36,0.36,3.52,13.12,10.48,1796,Chlorination,67.85,218,9,53
River,2.67,7.26,0.03,8.83,22.95,11.92,3244,Boiling,46.11,385,29,45
Well,2.78,7.6,2.64,3.26,13.3,7.25,296,None,39.58,402,42,35
Lake,5.22,6.43,2.09,4.77,21.7,13.28,1927,Chlorination,98.99,406,17,20
Spring,4.31,8.15,3.98,9.43,11.3,5,2256,Boiling,31.22,168,16,48
Pond,6.48,7.33,2.71,9.05,17.48,0.69,1457,Chlorination,95.34,13,5,33
Lake,3.64,7.03,4.68,8.47,32.61,19.19,3546,Filtration,45.28,430,10,86
Spring,2.31,7.51,0.98,6.2,44.62,6.4,3127,None,76.03,242,23,33
Lake,4.7,7.59,4.95,5.25,19.25,14.27,2308,Chlorination,51.11,318,35,39
Well,5.61,6.11,1.49,9.17,34.6,10.15,3664,Filtration,90.19,473,32,6
Lake,1.43,8.5,3.21,7.6,6.74,13.38,1589,Chlorination,68.04,7,32,89
River,5.57,6.91,2.51,5.07,27.04,2.22,95,Filtration,39.87,282,17,51
Lake,3.19,6.15,1.8,6.24,46.09,10.38,3932,Boiling,48.89,110,4,48
Spring,3.92,8.13,0.7,9.17,1.4,7.84,1359,Filtration,52.42,39,30,80
Pond,2.79,8.48,0.67,9.32,13.38,9.04,1739,None,92.01,411,15,94
Pond,9.31,8.04,3.56,7.62,6.62,19.32,3794,None,83.67,67,1,88
Tap,6.83,8.13,1.89,8.13,26.66,2.73,1352,Boiling,88.07,122,8,36
Lake,2.62,7.56,4.81,3.28,33.98,15.09,4924,Chlorination,33.66,316,1,61
Pond,6.45,8.31,1.63,7.23,2.89,6.61,1542,None,70.51,165,36,14
Lake,8.49,6.09,4.92,7.82,3.51,5.81,2667,Boiling,99.94,202,19,1
Pond,4.02,7.92,1.03,3.14,43.48,5.42,830,None,84.96,127,16,10
Lake,8.3,7.68,0.51,8.91,22.81,6.98,1605,Boiling,38.45,363,24,95
Spring,1.54,6.12,1.56,9.5,23.15,7.14,4645,None,77.52,151,18,93
Lake,8.23,7.36,4.43,4.67,47.23,5.41,2747,Boiling,82.17,411,41,16
Spring,5.4,7.29,2.61,8.92,16.01,13.35,3810,None,66,424,7,87
Spring,2.23,7.73,0.68,7.66,44.85,0.95,4658,Chlorination,35.51,145,10,44
Tap,4.07,6.19,1.01,7.06,48.71,6.65,221,Filtration,32.43,48,12,67
Pond,9.88,8.01,1.56,8.9,12.08,5.6,3951,None,95.65,468,12,60
River,7.84,6.35,2.95,5,25.7,15.03,530,Boiling,48.03,409,8,45
Spring,5.75,7.05,1.66,8.54,26.72,2.93,4126,Chlorination,56.53,2,4,31
Pond,1.15,8.2,3.74,5.2,43.31,18.81,1381,None,85.67,250,17,18
Well,4.18,7.4,3.08,8.51,15.2,3.41,4117,Boiling,78.25,76,39,66
Lake,2.63,6.95,4.37,6.16,39.9,7.4,753,Filtration,97.8,421,13,3
Well,0.71,6.12,2.5,3.82,48.55,3.99,4309,Boiling,36.5,219,33,24
Lake,5.42,7.68,1.66,5.67,42.02,5.73,4807,None,79.48,397,21,72
Tap,8.89,8.47,4.98,4.63,45.46,15.22,1188,Boiling,35.76,384,47,20
Spring,6.76,8.28,1.78,3.7,35.42,9.53,408,Boiling,30.01,347,32,86
River,2.5,7.79,2.14,3.77,45.2,3.25,2485,Filtration,38.42,378,23,92
Spring,5.74,6.26,4.05,8.46,8.24,0.93,796,None,73.17,227,28,93
Lake,9.43,6.6,0.44,9.17,35.62,4.6,860,None,77.33,117,12,88
River,7.23,6.47,1.93,9.49,36.59,18.91,4171,Filtration,60.68,497,49,92
Spring,6.89,6.89,0.43,8.98,21.96,16.91,365,Chlorination,33.22,266,26,97
River,9.68,6.59,0.7,8.81,3.99,8.8,1514,Boiling,74.38,234,0,13
Lake,7.99,6.61,0.02,3.48,31.12,9.64,4936,Boiling,36.01,167,6,21
Tap,1.37,7.54,0.05,8.53,2.59,17.99,2934,Boiling,39.92,259,3,47
Tap,3.48,6.8,1.9,8.48,19.12,11.83,1583,None,65.88,417,9,50
Spring,9.65,7.69,4.05,3.92,19.68,17.62,498,None,53.83,192,39,79
Well,4.9,8.37,2.94,7.63,49.95,9.84,3241,Boiling,62.53,183,34,10
Lake,1.12,7.6,3.17,6.17,14.99,4,1369,None,74.46,9,38,58
Spring,4.59,7.88,2.6,9.3,41.02,14.52,1251,Filtration,41.2,336,15,13
Spring,6.97,7.88,4.1,7.87,2.66,10.53,698,Filtration,92.52,326,26,6
Tap,9.98,6.83,4.4,9.66,26.49,13.37,2727,None,69.16,358,19,68
River,3.24,6.04,4.25,3.73,26.83,3.14,2250,Boiling,31.55,447,9,57
Lake,5.14,6.14,4.06,3.28,31.44,12.95,2493,Boiling,73.99,140,44,39
River,8.8,6.71,0.91,9.82,40.5,7.65,131,Boiling,62.42,21,32,92
Pond,3.55,7.72,2.97,3.56,38.1,6.64,90,Boiling,79.11,311,6,80
Pond,1.09,8.27,2.91,5.7,38.05,13.43,3894,None,84.88,377,41,93
Lake,9.49,8.4,2.64,7.55,21.61,11.84,3197,Chlorination,95.72,192,43,24
Well,4.88,6.06,2.4,9.16,36.37,12.98,471,Chlorination,99.88,91,45,77
Pond,5.03,8.48,0.45,4.78,24.57,19.31,1265,Boiling,68.47,96,21,41
Tap,6.21,6.81,0.51,3.2,3.35,14.02,4597,Boiling,69.31,140,42,85
Well,0.04,8.11,4.51,6.65,44.51,12.82,2808,Boiling,31.57,256,16,43
Spring,9.31,6.45,3.15,6.3,44.51,12.27,4482,Chlorination,90.56,37,8,4
Pond,3.61,6.16,1.31,5.15,16.14,7.97,1111,Filtration,32.01,246,39,27
Tap,3.97,6.95,1.4,9.12,45.7,16.78,597,Chlorination,74.29,255,9,75
Spring,1.74,8.15,3.05,8.25,37.9,7.62,907,None,36.9,441,35,99
Well,3.78,6.55,2.03,9.01,20.04,14,2914,Chlorination,50.01,408,30,59
Lake,8.04,6.38,2.21,4.13,16.58,5.86,3216,None,39.82,297,30,76
Spring,8,8.27,0.3,7.85,48.76,2.96,1354,Boiling,39.62,84,4,20
River,9.36,8.35,0.69,9.83,35.63,2.6,3946,None,35.22,416,17,95
Lake,4.03,6.03,1.97,7.28,18.94,12.69,3235,Boiling,52.25,440,5,48
Lake,7.09,7.82,3.5,4.2,32.1,6.56,2704,Filtration,59.66,36,41,55
Well,5.07,6.77,0.24,9.97,28.58,5.5,2389,Boiling,62.51,184,49,56
Well,8.04,6.94,1.67,6.7,26.23,11.84,4075,Boiling,60.78,97,27,84
Tap,7.13,7.17,3.48,8.88,32.24,0.51,3650,Filtration,66.66,317,42,60
Tap,3.68,7.07,3.96,4.05,26.88,4.92,463,Boiling,90.19,386,23,37
River,3.37,7.29,0.95,7.66,32.74,6.81,3938,Boiling,74.23,29,4,72
Lake,2.52,7.46,3.66,9.39,45.38,14.17,1072,Boiling,31.21,450,27,1
River,5.77,7.16,4.78,6.72,49.66,10.9,473,Chlorination,42.11,190,2,2
River,9.64,7.75,4.53,5.02,35.46,17.12,4983,None,54.43,337,17,42
Well,2,7.8,3.95,3.89,46.39,6.69,938,Boiling,96.43,278,3,73
River,0.95,7.1,3.56,5.07,42.92,5.93,1310,Chlorination,35.47,455,39,34
River,1.19,6.36,1.18,5.48,14.75,0.66,2340,Boiling,79.71,200,48,72
Spring,7.83,7.6,3.17,7.97,46.65,19.03,3520,None,32.32,321,41,39
Tap,3.5,7.93,3.22,4.25,3.54,10.03,4056,Boiling,55.38,188,31,95
Tap,2.24,7.6,2.03,3.74,16.5,10.05,1086,None,83.91,257,31,84
Lake,3.53,7.47,2.47,5.71,32,18.47,4663,Chlorination,54.08,154,18,57
Tap,6.45,6.57,3.47,6.21,26.35,5.8,3529,Chlorination,60.12,431,28,33
Pond,5.47,7.61,4.76,7.4,27.12,6.64,4969,Boiling,93.37,486,32,24
Lake,7.44,6.84,1.48,7.95,39.74,13.13,259,Filtration,34.63,318,1,55
Spring,3.39,8.3,1.23,9.22,9.74,15.7,1656,None,66.94,227,10,31
Tap,4.52,7.63,3.01,5.02,49.1,13.99,2955,Boiling,55.64,4,46,21
Spring,1.02,6.7,0.65,6.7,21.87,15.77,4279,Chlorination,97.47,128,32,88
Tap,0.73,7.18,2.91,5.56,47.49,11.5,3119,Boiling,85.56,405,40,64
Tap,4.62,8.12,0.44,3.01,19.16,17.26,591,None,38.55,73,39,99
Spring,3.02,6.84,2.45,7.06,30.09,11,1432,Boiling,94.92,364,0,20
River,6.13,7.31,3.1,8.71,22.52,4.59,2487,None,44.78,23,41,79
River,0.43,7.7,0.35,3.26,33.8,10.83,228,Chlorination,35.94,314,16,95
River,1.22,7.89,1.03,3.02,9.18,14.26,2779,Filtration,67.91,462,49,20
Pond,8.65,6.43,1.68,8.09,20.03,13.07,1368,Filtration,81.56,480,15,27
River,5.66,7.41,1.84,7.79,3.42,4.86,1624,Chlorination,80.12,433,1,18
Tap,7.12,8.28,3.38,5.84,29.91,0.82,3979,Chlorination,67.38,278,48,13
Well,8.42,8.42,2.65,7.63,48.13,5.05,739,Boiling,64.49,205,3,86
Spring,4.64,7.64,1.91,9.67,2.3,19.68,3174,Chlorination,97.87,145,31,23
Well,7.61,8.46,2.25,4.74,32.98,3.69,2647,Chlorination,87.44,88,6,19
Pond,5.25,7.43,0.06,4.72,38.75,9.29,2070,None,78.9,21,28,31
Well,2.23,7.11,3.85,4.3,10.66,12.77,4571,Boiling,43.66,299,8,73
Lake,3.38,7.38,0.21,8.07,13.65,17.59,4993,None,87.38,43,34,51
River,4.9,6.29,4.15,5.47,10.08,15.21,2034,Boiling,82.48,36,4,64
Pond,3.17,7,2.7,9.92,14.87,18.18,4380,Boiling,99.44,6,49,94
Tap,3.36,7.15,2.64,8,5.5,12.09,1185,Filtration,39.31,473,20,51
River,3.37,8.12,3.52,5.57,18.52,17.31,589,Filtration,80.07,279,16,57
River,1.23,7.9,4.3,4.04,18.45,5.28,4217,Chlorination,98.54,460,38,78
Well,0.85,7.5,4.71,7.14,40.36,8.61,1135,Boiling,62.38,168,13,94
Lake,0.46,6.87,2.72,5.06,40.05,16.88,3420,Chlorination,81.34,69,31,91
River,1.11,6.47,0.75,9.34,39.84,6.51,2558,None,98.28,212,14,9
Spring,3.44,6.87,4.39,6.09,28.35,17.42,1,Chlorination,68.32,70,20,69
Spring,5.94,7.7,0.2,5.05,16.29,7.26,891,None,78.93,401,13,14
River,1.88,6.66,4.04,7.12,20.55,7.27,4894,Filtration,31.41,206,40,46
Well,8.88,7.07,3.4,3.96,15.89,6.18,4724,Filtration,66.38,71,15,90
Well,8.08,6.97,4.52,6.93,29.1,10.94,4556,None,47.91,315,0,9
Tap,5.21,7.91,4.49,3.39,46.9,2.58,2999,None,39.19,179,39,20
Pond,7.24,8.21,0.27,7.25,14.22,0.73,3553,None,79.6,207,17,18
Pond,3.66,7.75,3.05,6.71,22.94,17.95,3657,Chlorination,32.74,176,33,67
Pond,0.37,6.85,0.62,6.65,32.76,18.58,971,None,93.34,194,25,21
Lake,9.04,7.08,0.39,7.79,42.23,1.52,4149,Boiling,66.24,300,35,62
Well,1.28,6.36,2.24,3.31,12.67,10.99,3742,None,75.38,392,20,37
Tap,9.48,6.42,0.49,6.22,14.01,10.79,4204,Filtration,47.74,371,0,14
Spring,5.72,6.41,3.64,6.11,44.26,7.45,279,None,42.75,238,26,69
Pond,3.06,6.33,4.84,6.22,4.01,11.38,1698,Filtration,47.06,153,10,74
Spring,4.96,6.45,2.85,9.86,30.27,9.16,2887,Filtration,46.26,153,37,43
Spring,5.02,6.51,1.18,3.97,43.02,9.79,2884,Chlorination,90.52,29,13,29
River,0.23,6.28,4.22,7.83,46.09,15.11,3285,None,85.11,26,27,23
Lake,3.55,7.6,4.27,5.81,0.63,10.52,3579,Filtration,89.69,463,26,85
Tap,7.4,8.48,3.66,6.58,18.48,6.47,2251,Boiling,81.44,239,21,93
Lake,5.1,8.2,3.08,8.34,12.86,11.63,4640,None,75.05,242,20,45
River,2.44,6.11,4.34,4.1,28.4,12.82,2356,None,66.95,131,23,3
Tap,3.35,7.06,0.82,8.35,31.64,13.25,4623,Filtration,48.58,178,18,5
Tap,8.63,8.15,4.66,3.49,49.99,12.37,1931,Chlorination,79.38,338,23,37
Well,5.26,6.34,4.74,6.38,25.64,13.29,3414,Chlorination,39.56,97,25,25
Lake,5.28,8.12,4.36,8.19,27.57,6.2,1008,None,65.77,325,24,18
Lake,9.61,7.48,1.25,4.35,20.72,8.92,4712,None,43.67,236,44,1
Well,3.21,8.33,4.29,8.4,7.38,13.37,2078,Chlorination,65.33,334,43,67
Spring,4.8,8.19,2.49,4.17,15.17,15.09,4195,Chlorination,50.57,137,28,68
River,8.12,7.69,2.97,8.59,12.35,8.68,2714,Boiling,33.74,117,9,46
Lake,7.59,7.64,4.2,6.28,40.06,7.31,1338,None,65.26,105,10,98
Well,2.66,6.53,0.15,7.79,27.29,14.32,4590,None,42.73,35,23,28
Tap,1.51,6.29,1.81,9.42,14.81,4.44,3689,None,41.28,45,23,63
Pond,7.01,7.04,4.08,5.86,24.45,0.19,741,Chlorination,56.91,103,11,79
Well,2.58,6.47,4.07,4.63,10.94,9.42,733,Filtration,55.33,389,6,11
Pond,9.23,6.26,4.24,9.07,9.26,3.47,1806,Boiling,90.69,363,39,84
Spring,1.29,6.76,0.85,4.13,43,7.57,2378,Chlorination,69.52,359,16,72
River,3.18,8.15,3.53,7.42,47.24,5.82,3265,Chlorination,89.82,69,34,10
Pond,0.55,6.04,0.73,9.46,4,15.55,1753,Boiling,40.28,206,5,7
Spring,7.03,6.73,3.93,7.72,38.24,6.63,1024,None,55.01,220,11,59
Pond,8.91,7.06,1.23,4.37,22.67,12.81,1482,Filtration,68.87,88,14,25
Tap,6.36,7.28,3.69,4.07,19.45,13.48,2565,Boiling,40.72,466,31,31
Tap,9.38,6.45,2.28,4.77,34.47,9.13,3554,Filtration,38.96,461,22,38
Tap,1.29,8.41,4.93,5.74,13.31,1.62,1779,None,76.3,2,6,3
Tap,0.88,7.45,2.9,4.11,1.03,14.01,3716,Filtration,75.77,433,37,97
Well,8.38,7.31,3.16,8.58,10.7,1.5,4818,None,46.39,297,30,91
Tap,8.56,6.02,1.84,5.5,9.25,1.98,2116,Chlorination,45.9,365,28,88
Tap,8.31,7.21,3.67,9.55,1.7,3.92,4566,None,82.18,461,43,43
Well,7.99,8.09,2.47,8.9,16.07,5.61,2539,Boiling,38.19,437,27,98
Tap,3.62,6.55,0.09,9.36,23.73,16.93,2965,Boiling,94.63,230,11,82
Spring,2.17,6.88,3.04,5.06,36.79,13.5,2760,None,96.06,422,26,34
Spring,9.29,6.05,4.15,7.02,16.28,7.74,2454,None,90.97,468,3,50
Lake,3.07,8.44,1.18,5.25,9.73,19.57,3754,Chlorination,44.75,117,20,50
Spring,3.98,6.17,1.11,4.8,11.53,4.87,1945,Chlorination,31.18,310,8,28
River,7,8.25,3.04,7.25,44.56,12.2,3368,None,95.57,394,48,77
River,2.93,6.78,4.09,8.73,10.24,16.94,2629,Filtration,54.08,113,33,84
River,8.19,7.47,1.25,3.66,43.96,16.04,528,Chlorination,51.73,201,36,35
Well,0.7,7.7,4.66,4.93,22.35,1.81,4232,Boiling,48.32,462,20,77
Spring,7.91,6.35,4.64,4.44,46.72,13.95,1471,Chlorination,47.12,29,22,59
River,6.02,7.11,1,8.59,20.4,5.16,2035,Chlorination,81.42,363,23,14
Lake,5.73,6.81,1.32,9.53,8.88,7.11,4034,Chlorination,93.55,246,9,50
Well,4.58,6.14,3.5,3.56,27.45,9.78,1367,Chlorination,85.02,80,37,49
Lake,2.77,8.08,4.76,5.65,29.39,15.82,1719,None,77.19,245,5,93
Spring,4.64,6.11,3.55,9.4,31.77,3.32,1041,Chlorination,50.14,183,20,54
Tap,4.5,7.63,2.22,5.41,20.57,2.17,3487,Filtration,68.29,412,36,11
Lake,5.84,6.79,0.85,7.99,2.43,3.07,559,Chlorination,46.59,272,28,49
Tap,2.82,6.48,2.31,3.7,31.34,4.36,1564,Chlorination,37.81,32,39,61
Well,0.78,7.67,3.03,6.11,46.65,1.19,3224,Boiling,38.42,101,20,4
Lake,1.45,7.44,1.65,6.52,47.88,18.53,1800,Chlorination,72.26,276,21,26
Lake,6.99,6.79,2.55,8.3,29.84,6.38,3270,Boiling,32.69,110,34,78
Pond,0.22,7.28,0.65,5.02,0.99,3.54,1811,Boiling,98.13,498,45,89
Well,8.56,6.62,2.26,4.85,5.3,12.76,3081,None,99.68,205,4,8
Well,6.94,8.16,0.45,5.12,41.7,15.74,4262,Boiling,40.46,265,14,34
River,7.68,6.78,0.25,6.89,41.49,15.06,146,Boiling,59.91,489,40,12
Spring,8.36,6.61,4.29,9.13,47.3,14.37,3828,Filtration,83.77,214,46,43
Lake,1.23,7.88,1.03,8.82,28.19,1.01,4540,Filtration,96.85,102,18,45
Lake,8.22,6.04,2.88,3.41,43.19,15.64,2117,Boiling,92.39,294,15,96
Well,5.05,6.67,0.74,9.15,41.24,10.04,2663,None,47.83,77,39,97
Well,8.86,6.94,1.31,3.67,29.47,12.98,318,Filtration,35.96,174,46,67
Spring,8.87,8.21,1.81,5.91,39.18,19.13,3969,Filtration,50.21,341,42,76
Well,0.24,8.38,0.72,8.36,6.29,16.21,4131,None,60.61,51,22,73
Tap,3.83,7.79,0.23,3.57,31.96,16.51,254,Chlorination,55.2,296,3,52
Tap,5.26,7.23,4.39,3.28,47.67,3.63,1336,Filtration,84.17,475,20,0
Pond,6.78,7.6,0.06,5.31,8.1,9.53,334,Boiling,48.05,174,23,10
Tap,2.86,7.04,0.31,8.11,37.2,18.99,3091,Boiling,90.1,456,41,49
Tap,2.52,6.75,4.03,6.65,16.04,11.65,4393,Boiling,45.79,342,25,8
Spring,3.81,8.38,1.41,5.92,40.86,2.05,1044,None,55.29,198,41,37
Lake,5.01,6.29,3.61,8.69,34.86,14.64,4573,Boiling,61.35,87,1,86
Tap,9.51,6.87,0.73,8.37,46.31,0.86,1791,Chlorination,50.39,170,39,12
Pond,7.62,8.25,1.19,8.5,35.6,14.85,2519,None,83.65,36,7,4
Well,4.29,7.81,2.86,6.22,20.52,17.6,961,Filtration,58.67,122,8,24
Tap,0.54,6.07,4.94,3.14,0.54,8.51,3749,None,92.09,200,1,9
Pond,1.69,6.06,0.37,4.2,39.65,8.27,4565,Boiling,97.45,63,13,4
Spring,4.56,7.29,2,8.19,20.42,6.08,2814,None,90.19,485,19,21
Well,8.14,7.21,0.22,8.27,33.53,17.54,589,None,66.58,454,1,41
Pond,3.81,7.11,1,9.81,5.25,10.96,1988,None,65.69,187,3,88
Tap,5.38,6.76,4.54,4.33,44.55,11.59,2839,None,45.11,214,34,19
Lake,8.92,8.47,0.48,3.86,21.78,13.23,3865,Chlorination,71.46,408,13,27
Well,9.14,6.68,4.28,3.97,45.98,6,2433,None,96.69,374,20,20
Well,2.16,7.23,0.89,4.29,35.35,8.66,2989,Boiling,35.64,493,47,10
Lake,0.44,7.01,4.31,6.7,6.07,14.83,3948,Filtration,82.67,242,14,92
Well,3.05,6.43,2.69,9.83,28.96,19.71,4541,Chlorination,90.87,149,38,68
Tap,6.96,6.51,4.39,7.13,45.5,0.69,1960,None,99.07,426,49,36
Well,9.51,8.3,0.76,6.66,40,0.85,4194,Filtration,53.43,123,19,48
Tap,0.77,8.15,3.81,7.71,20.9,8.56,654,Chlorination,54.89,454,5,68
Lake,0.28,6.5,3.4,3.52,47.75,13.19,1078,Boiling,46.08,197,27,32
River,8.84,8.19,2.71,8.71,13.43,7.73,3074,Boiling,85.23,35,47,44
Lake,7.48,6.52,4.05,7.53,18.76,19.99,1355,Filtration,39.8,301,42,99
Tap,9.92,7.57,3.24,4.2,37.49,3.91,1458,None,48.74,277,1,7
Spring,3.97,6.2,4.39,7.42,11.65,0.16,3282,Filtration,50.67,34,27,5
Lake,4.16,8.2,1.91,7.17,25.77,3.8,4912,Chlorination,56.25,112,33,14
Spring,1.72,6.13,2.95,3.45,36.44,17.74,4756,Filtration,59.52,174,13,14
Spring,1.16,7.39,4.35,4.87,32.2,2.9,4695,Filtration,69.13,32,8,8
Tap,5.79,7.95,1.07,5.74,7.77,9.58,919,None,96.39,212,22,60
Tap,3.64,6.29,2.43,4.71,31.48,8.39,1746,Boiling,47.31,202,43,55
River,0.8,7.01,4.8,4.7,28.64,13.31,1758,None,84.55,396,34,4
Pond,8.87,6.1,2.37,7.01,27.89,1.09,1831,Boiling,77.35,253,21,25
Well,1.98,7.71,1.26,6.3,41.3,13.18,1171,None,38.12,55,4,86
Lake,7.49,6.77,1.76,7.67,9.19,7.1,3278,Boiling,86.73,322,40,79
Tap,2.82,7.4,4.43,9.69,37.58,18.52,359,None,36.34,12,28,56
Lake,8.13,8.33,4.77,7.62,38.05,16.98,3810,Boiling,81.72,49,34,34
Pond,1.18,6.76,4.75,7.07,36.13,7.99,1440,Boiling,80.11,247,49,9
Pond,7.56,6.12,3.49,8.93,25.3,19.86,2919,Boiling,78.26,232,33,90
Spring,0.98,7.69,2.55,7.42,19.78,1.04,1719,Boiling,49.37,440,3,79
